id,first_name,last_name,email,ip_address
1,Godard,Kelloway,gkelloway0@seattletimes.com,56.208.57.190
2,Joanna,Milne,jmilne1@studiopress.com,88.217.135.127
3,Hadria,Lenden,hlenden2@qq.com,176.251.26.23
4,Catrina,Bengoechea,cbengoechea3@51.la,242.190.26.188
5,Kym,Ryder,kryder4@sohu.com,187.42.142.35
6,Franny,Sheraton,fsheraton5@youtube.com,163.236.195.12
7,Cesare,Lewsey,clewsey6@deviantart.com,50.222.38.192
8,Billi,Verriour,bverriour7@umn.edu,190.131.83.213
9,Raven,Littlefield,rlittlefield8@github.io,132.39.229.167
10,Jaime,Stother,jstother9@umich.edu,98.188.83.33
11,Lil,Grieswood,lgrieswooda@webnode.com,39.231.12.126
12,Stepha,Daice,sdaiceb@google.ru,26.236.19.169
13,Cammy,Canceller,ccancellerc@examiner.com,85.254.215.74
14,Saunderson,Face,sfaced@php.net,73.181.129.200
15,Gill,Pratty,gprattye@paypal.com,235.235.61.246
16,Evelina,Keelan,ekeelanf@mail.ru,134.248.241.155
17,Lina,Banasik,lbanasikg@fema.gov,99.23.181.100
18,Gib,Blakesley,gblakesleyh@yale.edu,246.111.175.176
19,Molly,Bakey,mbakeyi@telegraph.co.uk,5.169.89.215
20,Lia,Sealove,lsealovej@zimbio.com,64.68.219.217
21,Vivi,Gratten,vgrattenk@elegantthemes.com,160.84.125.216
22,Debor,Sherwell,dsherwelll@theguardian.com,168.11.30.146
23,Virgie,MacConneely,vmacconneelym@cbslocal.com,98.231.115.230
24,Thain,Helstrip,thelstripn@accuweather.com,87.128.10.138
25,Ernesto,Glaister,eglaistero@theguardian.com,19.231.120.84
26,Rip,Gurden,rgurdenp@ovh.net,43.252.217.92
27,Wilek,Portis,wportisq@sogou.com,200.146.79.134
28,Berke,Bourley,bbourleyr@illinois.edu,216.184.186.92
29,Catlee,Gallamore,cgallamores@blogs.com,67.68.251.167
30,Abigale,Castagne,acastagnet@ning.com,120.67.178.134
31,Heinrik,Cocking,hcockingu@w3.org,253.213.169.234
32,Matthew,Kolushev,mkolushevv@fema.gov,71.178.152.220
33,Joanna,Warrillow,jwarrilloww@liveinternet.ru,180.10.96.136
34,Silvio,Dupre,sduprex@toplist.cz,233.248.46.225
35,Vittoria,Wisson,vwissony@cornell.edu,194.20.79.94
36,Issy,Tarpey,itarpeyz@sfgate.com,175.80.145.59
37,Kile,Kubczak,kkubczak10@gmpg.org,36.170.53.69
38,Millisent,Kybbye,mkybbye11@baidu.com,206.107.166.104
39,Shaylah,Godsmark,sgodsmark12@yahoo.com,176.71.38.102
40,Willy,Laise,wlaise13@nifty.com,85.228.50.57
41,Marlon,Wegner,mwegner14@indiatimes.com,96.248.122.201
42,Amalee,Bompass,abompass15@blinklist.com,211.48.96.253
43,Justina,Ferreiro,jferreiro16@cargocollective.com,111.255.195.53
44,Gabriel,Vido,gvido17@yolasite.com,35.192.71.122
45,Roxine,Boothe,rboothe18@fda.gov,122.147.200.35
46,Lesley,Ranscombe,lranscombe19@comsenz.com,148.225.41.175
47,Aleksandr,Fellenor,afellenor1a@uol.com.br,123.76.10.240
48,Wilbert,Emeline,wemeline1b@t-online.de,230.16.118.202
49,Cary,Becks,cbecks1c@soup.io,229.160.232.71
50,Clemmy,Chipchase,cchipchase1d@woothemes.com,107.30.189.65
51,Reine,MacCleay,rmaccleay1e@whitehouse.gov,219.119.23.30
52,Bettine,Bonwick,bbonwick1f@upenn.edu,124.194.119.108
53,Gretal,Amoore,gamoore1g@eepurl.com,165.13.0.140
54,Jelene,Rawstron,jrawstron1h@blogger.com,176.89.114.224
55,Kain,Goulbourn,kgoulbourn1i@dagondesign.com,171.82.30.128
56,Abraham,Scotcher,ascotcher1j@washington.edu,174.193.219.1
57,Bartlett,Ballsdon,bballsdon1k@microsoft.com,238.198.137.143
58,Harlen,Pim,hpim1l@npr.org,164.75.114.156
59,Malynda,Cleaton,mcleaton1m@statcounter.com,37.244.89.183
60,Godiva,Mort,gmort1n@deviantart.com,244.245.184.80
61,Orren,Alesin,oalesin1o@walmart.com,99.225.20.22
62,Kerrin,Stanbury,kstanbury1p@nba.com,253.58.27.70
63,Ediva,Claxson,eclaxson1q@paypal.com,7.198.235.195
64,Dodi,Bramble,dbramble1r@japanpost.jp,153.153.238.239
65,Reginald,Barendtsen,rbarendtsen1s@boston.com,214.204.35.75
66,Ad,Boxen,aboxen1t@weibo.com,211.78.124.14
67,Darrick,Dumblton,ddumblton1u@salon.com,204.151.121.48
68,Baird,Oddboy,boddboy1v@jigsy.com,128.244.30.158
69,Burton,Ledwitch,bledwitch1w@hud.gov,184.26.6.180
70,Had,Vardy,hvardy1x@hexun.com,212.91.52.235
71,Emiline,Guterson,eguterson1y@mapquest.com,161.203.187.89
72,Garold,Miskimmon,gmiskimmon1z@newsvine.com,225.210.44.12
73,Garry,Dunnan,gdunnan20@sciencedaily.com,32.139.118.197
74,Allina,Dyer,adyer21@about.me,25.140.137.139
75,Torry,Clink,tclink22@ameblo.jp,104.234.138.239
76,Brendis,Giacomini,bgiacomini23@sfgate.com,189.86.79.202
77,Babbie,Digweed,bdigweed24@tinyurl.com,11.97.135.199
78,Nicoline,Irce,nirce25@princeton.edu,69.201.224.185
79,Alastair,Camden,acamden26@wikipedia.org,243.243.228.86
80,Reginauld,Marklew,rmarklew27@sourceforge.net,151.169.21.98
81,Suzann,Strangman,sstrangman28@printfriendly.com,210.250.144.9
82,Shawna,Payler,spayler29@engadget.com,250.76.101.62
83,Martita,Banbrook,mbanbrook2a@dropbox.com,23.100.59.215
84,Ruy,Lundy,rlundy2b@printfriendly.com,91.193.214.139
85,Jourdain,Pieche,jpieche2c@harvard.edu,81.15.57.199
86,Alecia,Scotchmer,ascotchmer2d@comsenz.com,217.251.223.104
87,Berri,Scading,bscading2e@house.gov,165.81.118.10
88,Hubie,Sante,hsante2f@amazon.co.jp,118.59.244.20
89,Caresa,Levett,clevett2g@ucla.edu,136.128.135.228
90,Ethelind,Meace,emeace2h@over-blog.com,189.137.89.135
91,Edgar,Cristea,ecristea2i@wsj.com,219.171.245.251
92,Claudina,Boag,cboag2j@shareasale.com,179.63.56.154
93,Reggi,Dominy,rdominy2k@t.co,251.214.201.29
94,Lyndsay,Mursell,lmursell2l@nymag.com,228.204.223.192
95,Matelda,Kell,mkell2m@themeforest.net,189.244.243.97
96,Had,Heffernan,hheffernan2n@prlog.org,187.205.73.203
97,Maye,Holt,mholt2o@smh.com.au,41.246.156.234
98,Petronella,Arblaster,parblaster2p@vinaora.com,245.162.63.164
99,Georgy,Sanchis,gsanchis2q@yellowpages.com,29.169.67.86
100,Lenore,Brydon,lbrydon2r@independent.co.uk,81.239.169.205
101,Elenore,Vanin,evanin2s@telegraph.co.uk,57.138.208.91
102,Cassandry,Beat,cbeat2t@goo.gl,68.150.103.81
103,Amil,Boribal,aboribal2u@cafepress.com,73.71.238.196
104,Liane,Paolinelli,lpaolinelli2v@irs.gov,31.116.115.206
105,Maren,Tompkinson,mtompkinson2w@cisco.com,71.192.214.66
106,Fabiano,Duggen,fduggen2x@cyberchimps.com,243.72.101.250
107,Duff,Peeters,dpeeters2y@mozilla.com,141.72.69.191
108,Hildagard,Bamber,hbamber2z@nsw.gov.au,75.202.146.225
109,Lenora,Jeandon,ljeandon30@google.com.hk,69.191.40.173
110,Norton,Berka,nberka31@hp.com,73.26.95.137
111,Tobe,O'Hartigan,tohartigan32@sourceforge.net,186.241.203.48
112,Hedwig,Doohan,hdoohan33@virginia.edu,189.205.164.212
113,Manolo,Endrighi,mendrighi34@upenn.edu,83.73.223.87
114,Mark,Allom,mallom35@webs.com,117.4.198.243
115,Marga,Tennet,mtennet36@alexa.com,67.59.56.224
116,Horton,Cochrane,hcochrane37@cnet.com,117.23.169.2
117,Laverna,Adair,ladair38@reddit.com,123.227.138.161
118,Glenn,Fernely,gfernely39@youtu.be,158.218.193.140
119,Gwynne,Geere,ggeere3a@about.com,75.208.58.119
120,Silvano,O'Hanlon,sohanlon3b@typepad.com,52.28.206.246
121,Prisca,Marchment,pmarchment3c@jigsy.com,162.198.201.210
122,Novelia,Steptowe,nsteptowe3d@themeforest.net,75.221.1.188
123,Tibold,Andric,tandric3e@cloudflare.com,180.206.84.140
124,Marvin,Wyne,mwyne3f@hostgator.com,124.169.151.48
125,Jennie,Morison,jmorison3g@hatena.ne.jp,212.140.11.63
126,Huntlee,Lethabridge,hlethabridge3h@nyu.edu,203.183.73.166
127,Babs,Brewerton,bbrewerton3i@rambler.ru,183.240.35.103
128,Stephine,Ivell,sivell3j@zimbio.com,132.1.100.51
129,Der,Ballsdon,dballsdon3k@instagram.com,59.75.46.210
130,Ingmar,Sirkett,isirkett3l@flavors.me,8.52.93.192
131,Jessalyn,Catcherside,jcatcherside3m@reverbnation.com,145.209.20.23
132,Hartley,Brittles,hbrittles3n@devhub.com,88.169.180.229
133,Tallie,Betjeman,tbetjeman3o@ca.gov,111.9.119.13
134,Reginauld,McElhargy,rmcelhargy3p@e-recht24.de,202.104.26.187
135,Britni,Waycott,bwaycott3q@taobao.com,160.57.227.193
136,Marjorie,Cole,mcole3r@foxnews.com,200.120.63.229
137,Birgitta,Barge,bbarge3s@yolasite.com,231.203.107.58
138,Kristoforo,Conklin,kconklin3t@cmu.edu,226.49.141.19
139,Vernon,Reddan,vreddan3u@harvard.edu,243.57.198.96
140,Sancho,Watkinson,swatkinson3v@kickstarter.com,124.7.58.105
141,Kathye,Josebury,kjosebury3w@dropbox.com,161.9.64.205
142,Fania,Noirel,fnoirel3x@parallels.com,240.175.38.219
143,Darbee,Kelemen,dkelemen3y@cargocollective.com,229.70.155.136
144,Lona,Ewbanke,lewbanke3z@simplemachines.org,236.135.175.106
145,Angelico,Lewins,alewins40@nymag.com,33.45.78.37
146,Christophe,Gilhooley,cgilhooley41@businesswire.com,101.104.86.89
147,Shannan,Jeffes,sjeffes42@yahoo.co.jp,24.145.24.27
148,Mickie,Finlan,mfinlan43@merriam-webster.com,230.25.116.133
149,Coop,Weine,cweine44@fastcompany.com,223.16.169.168
150,Arabele,Godsell,agodsell45@fema.gov,252.178.238.59
151,Jolee,Crevagh,jcrevagh46@sourceforge.net,223.76.88.6
152,Shanta,Begin,sbegin47@ted.com,116.78.109.80
153,Leandra,Karolovsky,lkarolovsky48@cbc.ca,31.1.188.252
154,Rudy,Ruddin,rruddin49@spiegel.de,52.32.25.217
155,Rosa,Broz,rbroz4a@examiner.com,217.75.203.140
156,Nikos,Immins,nimmins4b@multiply.com,51.79.213.117
157,Laurence,Praten,lpraten4c@cloudflare.com,111.20.120.166
158,Samuel,McAlroy,smcalroy4d@fastcompany.com,145.253.217.121
159,Ailina,Wharin,awharin4e@chronoengine.com,79.122.4.99
160,Kevina,Threadgould,kthreadgould4f@stanford.edu,204.109.33.30
161,Elisha,Hause,ehause4g@twitter.com,40.222.211.1
162,Madonna,Galero,mgalero4h@blogger.com,54.82.99.6
163,Zeb,Bendson,zbendson4i@bluehost.com,168.0.242.3
164,Forster,Wheal,fwheal4j@g.co,222.79.132.111
165,Gertrud,Gamlyn,ggamlyn4k@ihg.com,142.241.205.72
166,Chico,Robiot,crobiot4l@sohu.com,79.196.62.119
167,Anastasia,McEvon,amcevon4m@google.com.au,238.203.190.175
168,Fredericka,Gymlett,fgymlett4n@alibaba.com,250.89.111.50
169,Kahlil,Langforth,klangforth4o@cyberchimps.com,42.222.83.84
170,Lanny,Elby,lelby4p@census.gov,18.54.190.216
171,Aryn,Mildner,amildner4q@ftc.gov,124.84.121.125
172,Miof mela,Chartres,mchartres4r@aol.com,152.59.120.32
173,Shell,Purviss,spurviss4s@altervista.org,118.103.134.143
174,Hartwell,Sudworth,hsudworth4t@lycos.com,45.177.166.35
175,Karlan,Cheater,kcheater4u@delicious.com,152.201.226.180
176,Christie,Biswell,cbiswell4v@harvard.edu,199.117.227.53
177,Antonella,Northen,anorthen4w@unblog.fr,167.104.27.97
178,Matteo,Barnewall,mbarnewall4x@ucla.edu,154.175.103.210
179,Ewen,Sedgmond,esedgmond4y@linkedin.com,155.149.212.246
180,Amberly,Janks,ajanks4z@businessweek.com,25.73.244.223
181,Lorraine,Hadaway,lhadaway50@discovery.com,39.104.117.91
182,Vinnie,Fisk,vfisk51@opera.com,57.178.141.215
183,Susana,Neem,sneem52@qq.com,31.19.203.54
184,Wilbur,Schulke,wschulke53@noaa.gov,54.16.246.103
185,Lamar,McCorkindale,lmccorkindale54@ifeng.com,167.219.199.189
186,Red,Pittham,rpittham55@t-online.de,102.30.224.142
187,Arnaldo,MacIlraith,amacilraith56@ask.com,164.162.164.107
188,Lorin,Toyer,ltoyer57@engadget.com,82.57.111.17
189,Brooke,Slemmonds,bslemmonds58@chron.com,180.216.152.33
190,Sophia,Nacey,snacey59@amazon.de,40.102.244.2
191,Adrianna,Haskett,ahaskett5a@cloudflare.com,243.251.8.250
192,Dolorita,Gwillym,dgwillym5b@fda.gov,185.92.165.161
193,Lorry,Simnell,lsimnell5c@liveinternet.ru,197.234.21.63
194,Giffer,MacQuist,gmacquist5d@goo.gl,87.174.184.49
195,Gage,Gaylord,ggaylord5e@ovh.net,99.221.255.153
196,Normy,Frears,nfrears5f@virginia.edu,235.84.21.134
197,Hebert,Rosita,hrosita5g@nba.com,199.191.41.176
198,Rosco,Gayne,rgayne5h@multiply.com,230.117.43.163
199,Ema,Ondrasek,eondrasek5i@slate.com,158.226.86.218
200,Tonnie,Titterton,ttitterton5j@ovh.net,162.55.247.108
201,Angus,MacTrustam,amactrustam5k@google.co.uk,93.236.2.193
202,Bethanne,Sellers,bsellers5l@imgur.com,231.136.254.81
203,Kristoforo,Butland,kbutland5m@lycos.com,123.223.234.210
204,Ashely,Rodear,arodear5n@usatoday.com,16.206.121.147
205,Haleigh,Jirousek,hjirousek5o@discovery.com,193.63.46.105
206,Pammy,Gibbie,pgibbie5p@army.mil,184.70.250.89
207,Afton,Silkstone,asilkstone5q@hao123.com,24.78.105.71
208,Bale,Dowears,bdowears5r@ocn.ne.jp,15.18.56.81
209,Catrina,Ledington,cledington5s@dmoz.org,238.125.54.221
210,Kitty,Whimp,kwhimp5t@hexun.com,17.71.251.62
211,Brittani,Cavilla,bcavilla5u@psu.edu,45.11.198.225
212,Ernie,Sigert,esigert5v@hibu.com,212.110.170.104
213,Clea,Bedlington,cbedlington5w@ihg.com,85.252.166.228
214,Katie,Yakhin,kyakhin5x@alexa.com,108.124.127.5
215,Gretta,Dible,gdible5y@example.com,169.185.169.209
216,Valentine,Enston,venston5z@who.int,13.245.105.78
217,Clarine,Madison,cmadison60@msu.edu,172.227.205.220
218,Stephi,Stealy,sstealy61@disqus.com,143.213.221.192
219,Milicent,Jorn,mjorn62@soundcloud.com,42.58.167.214
220,Reeba,Cristofolini,rcristofolini63@cmu.edu,129.8.75.218
221,Isadora,Hawarden,ihawarden64@cam.ac.uk,4.100.81.176
222,Andi,Skylett,askylett65@de.vu,196.162.181.75
223,Virgie,Goudman,vgoudman66@addthis.com,3.3.218.248
224,Sawyere,Jays,sjays67@diigo.com,135.198.136.99
225,Birgit,Pretsell,bpretsell68@mayoclinic.com,82.210.102.6
226,Kania,Lear,klear69@home.pl,111.51.26.243
227,Margareta,Farrans,mfarrans6a@techcrunch.com,25.249.152.31
228,Rickie,Easson,reasson6b@printfriendly.com,233.163.152.198
229,Daisey,Nell,dnell6c@gravatar.com,196.158.118.71
230,Christos,Millions,cmillions6d@mlb.com,48.53.9.65
231,Rosalinde,Tanser,rtanser6e@apple.com,108.88.191.255
232,Martino,Mitchel,mmitchel6f@google.ca,156.161.156.45
233,Franklyn,Ferrone,fferrone6g@accuweather.com,184.115.54.26
234,Margie,Bridgstock,mbridgstock6h@freewebs.com,179.61.213.49
235,Ricca,Pilcher,rpilcher6i@bloomberg.com,202.105.9.83
236,Skelly,Postance,spostance6j@g.co,64.102.93.82
237,Nels,Kinnaird,nkinnaird6k@engadget.com,89.17.99.222
238,Gerhardine,Stratiff,gstratiff6l@google.ca,221.129.164.165
239,Marcello,Hunston,mhunston6m@instagram.com,164.46.154.171
240,Willi,Merrikin,wmerrikin6n@sciencedaily.com,86.196.111.180
241,Brnaba,Pinilla,bpinilla6o@hubpages.com,123.134.60.111
242,Mellisent,Pettipher,mpettipher6p@dot.gov,211.101.123.238
243,Gannon,Vel,gvel6q@cam.ac.uk,167.174.55.201
244,Sally,Avramov,savramov6r@freewebs.com,65.42.213.107
245,Erasmus,Dumigan,edumigan6s@google.de,245.122.88.68
246,Grady,Clendening,gclendening6t@npr.org,20.97.220.10
247,Ignatius,Carrett,icarrett6u@mtv.com,46.253.223.235
248,Sharon,Pierrepont,spierrepont6v@microsoft.com,13.131.28.238
249,Eadmund,Redding,eredding6w@mysql.com,44.18.62.245
250,Any,Ritson,aritson6x@slate.com,72.86.190.65
251,Reinold,Capell,rcapell6y@indiegogo.com,34.127.236.240
252,Lindsey,Joan,ljoan6z@ft.com,145.43.210.194
253,Susy,Varsey,svarsey70@nbcnews.com,15.79.156.220
254,Conny,Van Leeuwen,cvanleeuwen71@upenn.edu,189.70.210.8
255,Layla,Jirek,ljirek72@zimbio.com,36.113.118.9
256,Jaye,Gillfillan,jgillfillan73@booking.com,121.234.72.114
257,Letta,Jolley,ljolley74@oakley.com,121.189.187.94
258,Aviva,Denley,adenley75@uol.com.br,155.158.28.182
259,Tandi,Paffitt,tpaffitt76@house.gov,188.154.121.90
260,Reina,Eagger,reagger77@illinois.edu,136.218.128.233
261,Candra,Le feaver,clefeaver78@reference.com,218.202.14.65
262,Emanuel,Chasle,echasle79@omniture.com,114.75.60.105
263,Issie,Offen,ioffen7a@soup.io,194.203.81.203
264,Gilligan,Holttom,gholttom7b@businessinsider.com,184.60.189.68
265,Carissa,Craighall,ccraighall7c@stanford.edu,179.209.49.73
266,Adelice,Corkill,acorkill7d@a8.net,158.242.13.81
267,Christoph,Squier,csquier7e@vkontakte.ru,216.43.147.31
268,Ferris,Bundock,fbundock7f@elpais.com,106.192.19.69
269,Romona,Hryniewicki,rhryniewicki7g@foxnews.com,245.2.200.117
270,Datha,Hessel,dhessel7h@google.co.uk,153.93.7.26
271,Ara,Hitzschke,ahitzschke7i@artisteer.com,174.37.137.233
272,Barty,Greensides,bgreensides7j@forbes.com,16.188.53.118
273,Andie,Iggulden,aiggulden7k@comsenz.com,113.196.123.82
274,Glenda,Grimsdell,ggrimsdell7l@who.int,235.153.234.66
275,Prudi,Michie,pmichie7m@taobao.com,169.128.98.124
276,Manon,Checketts,mchecketts7n@nyu.edu,41.207.85.74
277,Rae,Muffen,rmuffen7o@acquirethisname.com,87.128.234.204
278,Cherilynn,Willows,cwillows7p@ca.gov,42.176.240.249
279,Estrellita,Bibby,ebibby7q@godaddy.com,183.65.200.217
280,Lark,Godrich,lgodrich7r@netscape.com,222.53.201.205
281,James,Sille,jsille7s@columbia.edu,90.52.244.59
282,Rand,Sommerscales,rsommerscales7t@wp.com,168.207.86.15
283,Kliment,Ausello,kausello7u@furl.net,207.175.121.51
284,Tully,Eteen,teteen7v@ox.ac.uk,0.140.16.65
285,Katrine,Clarkin,kclarkin7w@prweb.com,233.138.183.193
286,Trefor,Fellows,tfellows7x@discovery.com,133.216.50.92
287,Carolus,Brockherst,cbrockherst7y@t.co,155.62.145.128
288,Yves,Reason,yreason7z@nifty.com,232.171.229.218
289,Marsh,Grimoldby,mgrimoldby80@globo.com,107.210.6.70
290,Karlee,Falconer-Taylor,kfalconertaylor81@github.com,146.72.236.140
291,Danita,Wadeling,dwadeling82@goo.gl,143.42.220.69
292,Peterus,Oxtoby,poxtoby83@weebly.com,132.140.48.74
293,Matt,Backhouse,mbackhouse84@over-blog.com,147.161.174.210
294,Eugene,Eglington,eeglington85@taobao.com,36.34.64.9
295,Vi,Osman,vosman86@bandcamp.com,222.124.143.101
296,Bartolomeo,Kinghorn,bkinghorn87@pagesperso-orange.fr,27.75.239.252
297,Ransom,Brewett,rbrewett88@furl.net,197.59.106.5
298,Fredric,Lannon,flannon89@trellian.com,245.0.50.54
299,Vito,Looks,vlooks8a@blinklist.com,11.66.146.84
300,Jerry,Sheffield,jsheffield8b@csmonitor.com,202.167.130.46
301,Elvina,Fake,efake8c@rakuten.co.jp,222.121.132.53
302,Ellyn,Chalkly,echalkly8d@usatoday.com,39.235.156.229
303,Erasmus,Gladebeck,egladebeck8e@nyu.edu,94.91.94.73
304,Natty,Merill,nmerill8f@gravatar.com,222.14.153.252
305,Cicily,Shiels,cshiels8g@soup.io,182.46.189.217
306,Angeli,Veque,aveque8h@alibaba.com,44.177.112.103
307,Darrick,Jedras,djedras8i@exblog.jp,86.52.43.70
308,Brian,Francklyn,bfrancklyn8j@yahoo.com,159.101.200.207
309,Newton,MacNulty,nmacnulty8k@about.com,255.217.140.116
310,Jemmy,Nitto,jnitto8l@tamu.edu,141.152.105.10
311,Mandy,Casillas,mcasillas8m@imageshack.us,8.151.125.192
312,Callie,Sutcliff,csutcliff8n@opera.com,28.30.139.135
313,David,Duthie,dduthie8o@slashdot.org,114.229.180.49
314,Kriste,Johns,kjohns8p@topsy.com,235.14.80.28
315,Gavin,Pryor,gpryor8q@cbc.ca,185.108.54.92
316,Esther,Balmer,ebalmer8r@is.gd,4.17.253.46
317,Silvanus,Pittway,spittway8s@eventbrite.com,167.25.190.244
318,Berenice,Francescotti,bfrancescotti8t@tamu.edu,244.135.228.55
319,Myca,Hammerberger,mhammerberger8u@google.co.uk,240.246.90.247
320,Meridel,Lavallin,mlavallin8v@google.it,118.159.114.41
321,Claybourne,Vanichkov,cvanichkov8w@sfgate.com,7.21.82.138
322,Giffy,Steanson,gsteanson8x@slate.com,152.175.195.117
323,Kerri,Egginson,kegginson8y@sakura.ne.jp,181.235.138.113
324,Robinett,Curner,rcurner8z@weebly.com,14.94.23.66
325,Darbie,Guildford,dguildford90@npr.org,19.83.77.181
326,Colas,Haughton,chaughton91@twitter.com,98.128.212.43
327,Regina,Adie,radie92@mapquest.com,212.223.204.76
328,Magdalen,MacCleod,mmaccleod93@de.vu,28.213.251.79
329,Carena,Polkinghorne,cpolkinghorne94@wordpress.com,249.24.211.196
330,Renae,McBeith,rmcbeith95@xrea.com,163.109.45.80
331,Hyatt,Sall,hsall96@biglobe.ne.jp,66.150.187.95
332,Hasty,Piatto,hpiatto97@illinois.edu,74.125.13.182
333,Wheeler,Sidle,wsidle98@desdev.cn,78.146.136.69
334,Blanche,Langlais,blanglais99@hp.com,130.15.118.221
335,Thorn,Heintzsch,theintzsch9a@yahoo.com,254.242.227.206
336,Katalin,Mattusevich,kmattusevich9b@naver.com,230.36.129.217
337,Kele,Petrasek,kpetrasek9c@uiuc.edu,151.177.232.27
338,Livy,Gleasane,lgleasane9d@cdc.gov,239.88.75.232
339,John,Hughes,jhughes9e@arizona.edu,238.44.99.43
340,Benjy,Boyington,bboyington9f@mysql.com,151.191.143.45
341,Nonie,Deppen,ndeppen9g@netlog.com,241.111.58.223
342,Jojo,Ranaghan,jranaghan9h@printfriendly.com,227.215.93.44
343,Connie,Dicty,cdicty9i@studiopress.com,145.58.190.4
344,Barnie,Geillier,bgeillier9j@alexa.com,139.101.89.56
345,Laurie,Aery,laery9k@tiny.cc,169.111.166.158
346,Estelle,Markovich,emarkovich9l@google.fr,58.212.185.114
347,Zulema,Backshall,zbackshall9m@com.com,232.92.123.120
348,Scotty,Ambroix,sambroix9n@pcworld.com,143.207.150.147
349,Dennet,Twiname,dtwiname9o@google.com,133.140.198.232
350,Mari,Bendare,mbendare9p@china.com.cn,80.61.78.231
351,Lincoln,Conningham,lconningham9q@goo.gl,241.173.82.229
352,Imogene,Winram,iwinram9r@scientificamerican.com,155.121.111.153
353,Gelya,Roll,groll9s@bloglines.com,86.107.47.71
354,Francis,Heliar,fheliar9t@rediff.com,53.138.53.146
355,Marjorie,Goslin,mgoslin9u@ft.com,207.136.248.204
356,Melisse,McKeeman,mmckeeman9v@arizona.edu,129.59.30.244
357,Karrah,Gilding,kgilding9w@wikimedia.org,21.126.232.196
358,Ignacius,Renner,irenner9x@usa.gov,198.23.34.134
359,Brade,Ivell,bivell9y@csmonitor.com,157.117.196.173
360,David,Hattoe,dhattoe9z@redcross.org,22.160.117.18
361,Modesta,Fotherby,mfotherbya0@google.com.hk,36.52.185.130
362,Desiri,Dunk,ddunka1@google.com,60.104.160.96
363,Manda,Olford,molforda2@sakura.ne.jp,126.122.109.158
364,Tessi,McGuiney,tmcguineya3@ihg.com,227.60.151.207
365,Rodrique,Dallewater,rdallewatera4@chron.com,66.59.147.121
366,Deena,Pennell,dpennella5@typepad.com,160.247.103.85
367,Myron,Castanone,mcastanonea6@msn.com,94.118.145.19
368,Halette,Frosch,hfroscha7@baidu.com,73.175.39.109
369,Layne,Eyam,leyama8@army.mil,49.188.251.210
370,Vanda,Dwelly,vdwellya9@cdc.gov,226.99.194.124
371,Aura,Battie,abattieaa@mashable.com,158.188.121.22
372,Sutherlan,Cadney,scadneyab@amazon.co.uk,213.251.51.158
373,Keith,Coopper,kcoopperac@woothemes.com,135.173.96.177
374,Arnoldo,Delany,adelanyad@nationalgeographic.com,187.83.163.128
375,Aldon,Iron,aironae@hhs.gov,30.174.132.77
376,Forest,Dawbury,fdawburyaf@amazonaws.com,171.128.40.76
377,Kent,Craddy,kcraddyag@archive.org,30.165.121.115
378,Chris,Sacker,csackerah@wikia.com,159.98.35.132
379,Letta,Cansdale,lcansdaleai@adobe.com,160.37.39.78
380,Rufe,Carruthers,rcarruthersaj@ibm.com,101.214.95.104
381,Yevette,Sail,ysailak@etsy.com,253.91.130.237
382,Doy,Prahl,dprahlal@geocities.com,34.36.198.110
383,Ted,Bunton,tbuntonam@toplist.cz,218.251.173.118
384,Eirena,Leaton,eleatonan@berkeley.edu,203.30.30.212
385,Modesty,Haylands,mhaylandsao@admin.ch,239.202.160.146
386,Erda,Tallis,etallisap@shop-pro.jp,191.230.143.198
387,Clea,Cawsby,ccawsbyaq@typepad.com,127.218.83.116
388,Lucio,Dumpleton,ldumpletonar@about.com,105.190.211.129
389,Wilhelm,Eisak,weisakas@ca.gov,146.106.63.100
390,Amerigo,Daubeny,adaubenyat@addthis.com,60.197.22.218
391,Patric,Row,prowau@opera.com,204.132.249.4
392,Darda,Beaver,dbeaverav@bloglines.com,83.208.21.122
393,Sheila,Polak,spolakaw@harvard.edu,230.78.69.207
394,Jilleen,Hartington,jhartingtonax@shareasale.com,251.244.189.144
395,Ezri,Broggini,ebrogginiay@google.de,167.211.52.143
396,Anton,Campos,acamposaz@samsung.com,6.175.34.186
397,Shelby,Crackel,scrackelb0@storify.com,107.222.218.196
398,Georas,Pywell,gpywellb1@yahoo.com,155.79.188.190
399,Eugen,Gouldbourn,egouldbournb2@virginia.edu,219.62.204.19
400,Dalila,Carnier,dcarnierb3@hexun.com,38.99.126.184
401,Mair,Segge,mseggeb4@ed.gov,236.217.240.237
402,Steffie,Raun,sraunb5@cyberchimps.com,17.42.36.61
403,Drugi,Whitsey,dwhitseyb6@newsvine.com,96.129.211.251
404,Ada,O'dell,aodellb7@examiner.com,48.10.132.113
405,Ashley,Cushelly,acushellyb8@nasa.gov,65.195.107.117
406,Morena,McMenamie,mmcmenamieb9@blogspot.com,62.141.80.220
407,Carol,Powrie,cpowrieba@skype.com,200.86.60.133
408,Charla,MattiCCI,cmatticcibb@tiny.cc,213.54.107.133
409,Harmonie,Renbold,hrenboldbc@arizona.edu,177.73.202.14
410,Billye,Fencott,bfencottbd@myspace.com,86.43.172.171
411,Gaven,Whimper,gwhimperbe@friendfeed.com,248.116.232.81
412,Upton,Plewes,uplewesbf@go.com,128.248.1.150
413,Keelia,Killik,kkillikbg@zimbio.com,237.172.21.140
414,Kenyon,Campes,kcampesbh@bloglovin.com,202.236.2.164
415,Lizzie,Proffer,lprofferbi@mayoclinic.com,36.212.177.33
416,Terry,Andree,tandreebj@usnews.com,145.66.246.20
417,Edouard,Caze,ecazebk@businessinsider.com,162.70.118.190
418,Elsie,Ireson,eiresonbl@paginegialle.it,42.106.181.46
419,Moina,Dorian,mdorianbm@harvard.edu,192.62.1.96
420,Sonya,Vost,svostbn@yellowbook.com,18.57.140.228
421,Trula,Yezafovich,tyezafovichbo@squarespace.com,61.246.161.57
422,Redford,Middup,rmiddupbp@unc.edu,195.53.204.2
423,Cornelius,Gavrielly,cgavriellybq@squarespace.com,20.121.104.166
424,Dimitry,McManus,dmcmanusbr@github.io,54.201.147.196
425,Gunar,Pudsey,gpudseybs@cnet.com,165.24.74.68
426,Gerrilee,Pickersail,gpickersailbt@list-manage.com,101.9.240.54
427,Rhona,Nevison,rnevisonbu@jigsy.com,179.114.198.116
428,Ase,Tylor,atylorbv@army.mil,56.193.207.131
429,Romonda,Yakunikov,ryakunikovbw@4shared.com,19.110.68.235
430,Vassily,Tanslie,vtansliebx@timesonline.co.uk,11.122.153.105
431,Chicky,Nicolls,cnicollsby@skyrock.com,169.131.92.20
432,Sonnnie,Coggell,scoggellbz@fda.gov,188.69.31.80
433,Dew,Smithen,dsmithenc0@netlog.com,37.181.118.20
434,Emmy,Cutcliffe,ecutcliffec1@yahoo.co.jp,80.147.46.181
435,Shayla,Bursnall,sbursnallc2@google.com.br,235.15.242.41
436,Lissi,Fruin,lfruinc3@businessweek.com,141.170.126.92
437,Ilsa,Thorsen,ithorsenc4@forbes.com,42.62.51.216
438,Alanah,Vicary,avicaryc5@cmu.edu,132.246.233.110
439,Antonina,Arnould,aarnouldc6@instagram.com,162.12.35.220
440,Virge,Groom,vgroomc7@usda.gov,20.191.58.3
441,Noll,Antonetti,nantonettic8@prnewswire.com,80.142.103.86
442,Ingamar,MacGiffin,imacgiffinc9@biglobe.ne.jp,26.65.15.178
443,Bat,Heavens,bheavensca@diigo.com,82.189.1.99
444,Glenden,Pyser,gpysercb@nifty.com,239.123.170.201
445,Gerry,Hoston,ghostoncc@va.gov,233.74.93.206
446,Munroe,Brodhead,mbrodheadcd@lulu.com,171.218.7.37
447,Calla,Pauls,cpaulsce@sbwire.com,249.136.68.150
448,Eleni,Mountlow,emountlowcf@liveinternet.ru,217.15.252.197
449,Shela,Davidovics,sdavidovicscg@utexas.edu,170.207.212.146
450,Joellyn,Phillis,jphillisch@discuz.net,6.248.73.55
451,Artair,Vaggers,avaggersci@redcross.org,17.42.105.128
452,Page,Epton,peptoncj@g.co,174.231.159.39
453,Tedmund,Olivi,tolivick@sourceforge.net,70.144.80.185
454,Neely,Crocumbe,ncrocumbecl@acquirethisname.com,35.145.129.106
455,Portie,Vice,pvicecm@xing.com,124.175.249.200
456,Wittie,Leverage,wleveragecn@utexas.edu,83.220.57.168
457,Nathanil,Pollen,npollenco@technorati.com,114.3.129.77
458,Kippy,Thorburn,kthorburncp@statcounter.com,68.188.26.51
459,Minne,Vearnals,mvearnalscq@umn.edu,53.174.31.72
460,Etti,Dearth,edearthcr@taobao.com,127.48.140.225
461,Cathrine,Braitling,cbraitlingcs@ning.com,47.249.176.113
462,Malory,Lendon,mlendonct@microsoft.com,35.40.198.174
463,Tania,McPeeters,tmcpeeterscu@nbcnews.com,227.57.128.196
464,Sargent,Fasson,sfassoncv@foxnews.com,60.24.4.211
465,Pietrek,MacComiskey,pmaccomiskeycw@telegraph.co.uk,27.139.118.231
466,Lyda,Casina,lcasinacx@intel.com,72.112.205.138
467,Nathaniel,Domel,ndomelcy@geocities.jp,26.108.32.82
468,Shurlocke,Harriott,sharriottcz@kickstarter.com,9.192.246.209
469,Julie,Byas,jbyasd0@archive.org,73.13.183.187
470,Creight,Castellanos,ccastellanosd1@boston.com,220.61.226.88
471,Monti,Getten,mgettend2@yahoo.co.jp,156.209.109.57
472,Jerrilyn,Dennes,jdennesd3@cornell.edu,126.59.246.188
473,Deidre,Sidle,dsidled4@tmall.com,19.32.208.222
474,Hollyanne,Root,hrootd5@ustream.tv,104.108.4.204
475,Katha,Woodage,kwoodaged6@ask.com,169.88.172.20
476,Sibeal,Sharville,ssharvilled7@mit.edu,243.156.129.200
477,Biddy,Antonich,bantonichd8@dagondesign.com,25.193.108.21
478,Amabelle,Torra,atorrad9@huffingtonpost.com,46.160.243.212
479,Courtenay,Islip,cislipda@vkontakte.ru,27.30.64.92
480,Avigdor,Garz,agarzdb@discovery.com,16.75.250.133
481,Maura,Coneau,mconeaudc@usda.gov,254.105.71.6
482,Lefty,Beven,lbevendd@goodreads.com,109.129.117.149
483,Sibby,Sharma,ssharmade@163.com,45.55.130.168
484,April,Furbank,afurbankdf@geocities.jp,186.148.242.19
485,Katherina,Janas,kjanasdg@geocities.jp,55.43.7.21
486,Bent,Matveyev,bmatveyevdh@exblog.jp,133.135.203.255
487,Padraig,Orchard,porcharddi@bloomberg.com,194.207.54.208
488,Dov,Puden,dpudendj@nbcnews.com,150.46.133.219
489,Cherish,Wallbrook,cwallbrookdk@51.la,27.83.105.236
490,Anna-diana,Best,abestdl@nifty.com,245.43.230.132
491,Rutter,Oty,rotydm@wikispaces.com,65.51.218.116
492,Blake,Ginnelly,bginnellydn@google.de,150.245.186.187
493,Odetta,Daldry,odaldrydo@umich.edu,119.103.118.70
494,Barnie,Maccrie,bmaccriedp@hexun.com,234.78.231.60
495,Archambault,Noddings,anoddingsdq@deliciousdays.com,38.152.103.51
496,Natala,Welham,nwelhamdr@theglobeandmail.com,167.145.89.194
497,Ragnar,Scamp,rscampds@apache.org,135.58.218.23
498,Tadio,Frondt,tfrondtdt@deliciousdays.com,2.81.147.2
499,Angelo,Grimwad,agrimwaddu@ustream.tv,38.171.52.91
500,Hildegaard,Warbys,hwarbysdv@ca.gov,65.221.160.65
501,Natividad,Bickell,nbickelldw@youtube.com,99.128.46.15
502,Sampson,Hafford,shafforddx@pinterest.com,247.95.92.113
503,Dasi,Lyons,dlyonsdy@thetimes.co.uk,25.196.145.129
504,Rivalee,Phizacklea,rphizackleadz@twitpic.com,232.255.252.111
505,Ernestus,Yu,eyue0@acquirethisname.com,66.192.38.17
506,Isaak,Tomczak,itomczake1@cnbc.com,96.56.75.211
507,Keven,Lidden,kliddene2@4shared.com,113.108.113.1
508,Sylvia,Bullen,sbullene3@usatoday.com,168.110.98.121
509,Gregoire,Dobel,gdobele4@geocities.com,60.140.3.222
510,Addie,MacGowing,amacgowinge5@creativecommons.org,10.138.213.214
511,Hillery,Keat,hkeate6@bbb.org,170.104.99.108
512,Essa,Dixson,edixsone7@smh.com.au,34.217.74.170
513,Cammy,Ceaplen,cceaplene8@google.de,242.214.227.15
514,Jasmin,McLenaghan,jmclenaghane9@npr.org,153.244.203.138
515,Burty,Bastock,bbastockea@smh.com.au,126.146.152.30
516,Lanette,Biggs,lbiggseb@loc.gov,102.86.182.111
517,Keith,Sergison,ksergisonec@fotki.com,213.9.170.175
518,Traver,Goodrum,tgoodrumed@goo.gl,238.240.70.230
519,Matilde,Cayette,mcayetteee@blog.com,176.191.195.54
520,Norma,Strodder,nstrodderef@1688.com,19.14.12.210
521,Huntlee,Iannuzzelli,hiannuzzellieg@edublogs.org,172.254.9.126
522,Franzen,Gonnel,fgonneleh@hubpages.com,216.83.161.144
523,Anna-diane,Mengo,amengoei@furl.net,119.24.183.47
524,Pat,Foan,pfoanej@businessinsider.com,232.55.87.64
525,Kimberley,Pountney,kpountneyek@vimeo.com,251.153.229.40
526,Ferdy,Roubeix,froubeixel@bloglovin.com,54.2.242.244
527,Harper,Ramsdale,hramsdaleem@multiply.com,209.223.0.140
528,Herminia,Alliberton,hallibertonen@photobucket.com,20.118.145.72
529,Maddi,Pouck,mpouckeo@reuters.com,30.208.22.238
530,Gus,Chettoe,gchettoeep@usatoday.com,250.46.26.125
531,Allyce,Fifoot,afifooteq@hubpages.com,165.206.18.97
532,Andrej,Castro,acastroer@blogtalkradio.com,251.86.127.68
533,Willie,Grigolon,wgrigolones@google.co.jp,174.243.241.89
534,Cassie,Tomasoni,ctomasoniet@github.io,157.79.115.119
535,Irv,Cahey,icaheyeu@latimes.com,116.63.31.176
536,Sibbie,Astlet,sastletev@taobao.com,21.16.12.139
537,Kaylyn,Heeks,kheeksew@cornell.edu,236.30.16.102
538,Tulley,Rodder,trodderex@forbes.com,234.42.215.230
539,Reider,Karchewski,rkarchewskiey@tuttocitta.it,28.242.132.165
540,Alasdair,Gilbert,agilbertez@redcross.org,12.216.185.129
541,Demeter,Hatley,dhatleyf0@gravatar.com,171.230.160.33
542,Vasili,Toffel,vtoffelf1@deviantart.com,10.236.155.14
543,Zora,Kildale,zkildalef2@adobe.com,105.102.96.109
544,Arman,McQuode,amcquodef3@goo.ne.jp,172.2.147.16
545,Janek,Knapton,jknaptonf4@slideshare.net,210.120.20.52
546,Jason,Tulk,jtulkf5@infoseek.co.jp,25.92.38.14
547,Phelia,Maggiore,pmaggioref6@nps.gov,238.42.0.148
548,Paddy,Bonhill,pbonhillf7@noaa.gov,217.176.81.71
549,Mitchael,Ibeson,mibesonf8@clickbank.net,8.141.128.33
550,Nanon,Fossett,nfossettf9@forbes.com,46.167.191.231
551,Reggy,Payfoot,rpayfootfa@senate.gov,35.21.85.98
552,Cliff,Penney,cpenneyfb@msn.com,18.252.232.163
553,Jillane,Gair,jgairfc@pbs.org,251.70.168.143
554,Tiffie,Kinman,tkinmanfd@aol.com,230.120.13.82
555,Bertina,Sagg,bsaggfe@google.es,213.58.120.199
556,Corrianne,McCook,cmccookff@sourceforge.net,74.150.91.163
557,Emalee,Grooby,egroobyfg@unc.edu,147.40.237.187
558,Noreen,Angove,nangovefh@xrea.com,127.169.41.31
559,Nathanil,d'Arcy,ndarcyfi@wp.com,98.245.191.73
560,Saloma,Clougher,sclougherfj@infoseek.co.jp,249.7.86.104
561,Celka,Marty,cmartyfk@myspace.com,78.96.242.205
562,Trumann,Routledge,troutledgefl@qq.com,20.208.176.15
563,Julietta,Ozanne,jozannefm@technorati.com,156.35.58.129
564,Juliette,Janssen,jjanssenfn@engadget.com,136.105.124.105
565,Ashlan,Eccleshare,aecclesharefo@whitehouse.gov,144.238.135.93
566,Alfred,Dat,adatfp@last.fm,210.194.157.138
567,Shani,Oboy,soboyfq@psu.edu,189.177.85.142
568,Merola,Zannetti,mzannettifr@macromedia.com,40.135.124.250
569,Royal,Marian,rmarianfs@google.de,54.81.193.153
570,Afton,Willshear,awillshearft@icio.us,159.216.227.24
571,Ari,Lynett,alynettfu@xrea.com,129.234.252.238
572,Cecile,Basford,cbasfordfv@google.it,57.210.74.73
573,Creighton,Sapena,csapenafw@cbslocal.com,235.83.145.47
574,Sonny,Gaywood,sgaywoodfx@fema.gov,173.227.181.245
575,Suzette,Rodman,srodmanfy@wordpress.org,60.249.189.138
576,Arlyn,Bringloe,abringloefz@youtube.com,111.137.130.95
577,Shaw,Linklater,slinklaterg0@moonfruit.com,129.106.230.61
578,Winnie,Chotty,wchottyg1@addthis.com,80.11.50.239
579,Clerissa,Hartfleet,chartfleetg2@jimdo.com,103.208.176.23
580,Paddie,Spyvye,pspyvyeg3@buzzfeed.com,97.184.174.22
581,Constantine,Bambra,cbambrag4@deviantart.com,37.8.30.63
582,Hamnet,Whitlam,hwhitlamg5@wordpress.com,39.24.193.59
583,Danny,Shinton,dshintong6@ow.ly,145.11.218.77
584,Ferrel,McKew,fmckewg7@wikia.com,10.8.102.33
585,Molly,Jent,mjentg8@discovery.com,112.154.217.206
586,Janot,Christal,jchristalg9@wiley.com,125.120.0.27
587,Tuesday,Goozee,tgoozeega@pagesperso-orange.fr,57.255.154.35
588,Yettie,Mixture,ymixturegb@deviantart.com,203.45.207.55
589,Jacquelin,De La Haye,jdelahayegc@merriam-webster.com,154.14.51.4
590,Taddeo,Lecordier,tlecordiergd@wikia.com,213.213.141.121
591,Jaquenetta,Quinell,jquinellge@friendfeed.com,29.204.130.230
592,Lanie,Stowell,lstowellgf@sbwire.com,225.68.83.41
593,Rhea,Guitonneau,rguitonneaugg@msn.com,24.152.105.20
594,Lisetta,Blacksland,lblackslandgh@census.gov,213.141.45.17
595,Faber,Bearham,fbearhamgi@cornell.edu,217.97.27.31
596,Cinnamon,Goldberg,cgoldberggj@wsj.com,172.1.2.151
597,Sascha,Dreamer,sdreamergk@usnews.com,168.219.139.2
598,Dulcie,Seymer,dseymergl@alexa.com,83.97.28.249
599,Donny,Claypole,dclaypolegm@businessinsider.com,192.67.4.173
600,Corenda,Shergold,cshergoldgn@addtoany.com,76.135.134.33
601,Royce,Danis,rdanisgo@unblog.fr,138.199.207.57
602,Theobald,Durand,tdurandgp@usatoday.com,134.101.61.203
603,Marney,Mainds,mmaindsgq@opensource.org,230.8.12.146
604,Almira,McIlherran,amcilherrangr@ehow.com,120.194.157.8
605,Mozelle,Simao,msimaogs@so-net.ne.jp,243.232.68.56
606,Jewel,Hinz,jhinzgt@ftc.gov,105.149.17.195
607,Marcela,Baugham,mbaughamgu@webs.com,8.197.243.12
608,Aurea,Cromley,acromleygv@paginegialle.it,134.189.115.45
609,Caterina,Godrich,cgodrichgw@addthis.com,9.195.13.6
610,Fey,Colloff,fcolloffgx@weebly.com,199.140.201.87
611,Drucill,Ekless,deklessgy@ifeng.com,228.197.205.32
612,Jenelle,Goldthorpe,jgoldthorpegz@exblog.jp,232.133.41.238
613,Abeu,Shoreson,ashoresonh0@histats.com,48.160.228.29
614,Brittne,McAlpin,bmcalpinh1@github.com,188.179.51.227
615,Austin,Jerrems,ajerremsh2@mapquest.com,203.79.118.54
616,Jeniffer,Eskriett,jeskrietth3@cdc.gov,171.145.167.99
617,Franciskus,Liquorish,fliquorishh4@webs.com,166.65.188.47
618,Junia,Royste,jroysteh5@pen.io,19.8.120.173
619,Valentijn,Kwietak,vkwietakh6@addthis.com,152.249.23.223
620,Tallie,Boeter,tboeterh7@msn.com,227.106.108.227
621,Cirilo,Storks,cstorksh8@harvard.edu,171.92.178.241
622,Lucinda,Petford,lpetfordh9@wikia.com,123.247.83.140
623,Averill,Elliff,aelliffha@walmart.com,243.213.59.206
624,Devlin,Soigoux,dsoigouxhb@mashable.com,181.148.166.81
625,Gianna,Bremmer,gbremmerhc@moonfruit.com,230.134.8.239
626,Bevan,McGinly,bmcginlyhd@disqus.com,179.234.247.123
627,Stu,Frangione,sfrangionehe@etsy.com,23.202.27.48
628,Barrie,Wodeland,bwodelandhf@joomla.org,137.90.168.220
629,Sammie,De la Yglesia,sdelayglesiahg@mayoclinic.com,168.144.153.181
630,Karena,Day,kdayhh@vimeo.com,235.104.187.10
631,Darice,Matysik,dmatysikhi@histats.com,37.1.192.211
632,Jud,Kareman,jkaremanhj@freewebs.com,21.112.94.14
633,Danyette,Morrell,dmorrellhk@printfriendly.com,102.4.148.175
634,Toinette,Rojel,trojelhl@yahoo.co.jp,236.146.246.31
635,Karissa,Jahns,kjahnshm@apple.com,234.172.160.228
636,Barr,Aubury,bauburyhn@sciencedirect.com,190.109.68.87
637,Tierney,Masedon,tmasedonho@craigslist.org,209.214.231.106
638,Zorana,Mac Giany,zmacgianyhp@wp.com,57.196.246.45
639,Hugues,Paolazzi,hpaolazzihq@arstechnica.com,187.56.131.246
640,Aksel,Whannel,awhannelhr@creativecommons.org,107.89.247.2
641,Kristyn,Springell,kspringellhs@oaic.gov.au,159.8.113.186
642,Johnathon,Gandy,jgandyht@usda.gov,49.111.213.33
643,Miriam,Reinisch,mreinischhu@google.co.uk,127.246.30.49
644,Falito,Zannutti,fzannuttihv@xinhuanet.com,22.19.169.119
645,Bel,Cockrem,bcockremhw@si.edu,2.100.233.65
646,Stevena,Baudassi,sbaudassihx@mapy.cz,167.193.179.66
647,Marsh,Broxis,mbroxishy@yelp.com,169.203.134.139
648,Hazel,Mewha,hmewhahz@cmu.edu,243.99.169.32
649,Debby,Vynoll,dvynolli0@wordpress.org,77.141.118.13
650,Thorvald,Jowle,tjowlei1@sfgate.com,219.145.94.189
651,Corinne,Ible,ciblei2@wisc.edu,87.248.232.67
652,Gaylor,Catenot,gcatenoti3@miibeian.gov.cn,81.10.144.105
653,Milt,Studdal,mstuddali4@cnbc.com,164.169.138.222
654,Kathryne,Benstead,kbensteadi5@weebly.com,223.143.100.107
655,Denice,Carillo,dcarilloi6@goodreads.com,178.127.232.27
656,Aimil,Gecke,ageckei7@scientificamerican.com,54.67.12.150
657,Merrilee,Druery,mdrueryi8@odnoklassniki.ru,45.108.158.135
658,Mala,Reedshaw,mreedshawi9@ibm.com,129.99.166.5
659,Ada,oldey,aoldeyia@gmpg.org,56.145.118.97
660,Emery,Abells,eabellsib@aol.com,21.30.100.81
661,Marlo,Murkin,mmurkinic@moonfruit.com,37.40.185.148
662,Ben,Carwithan,bcarwithanid@gizmodo.com,36.210.27.210
663,Raye,Couper,rcouperie@jiathis.com,182.219.171.234
664,Orton,Landrick,olandrickif@fotki.com,61.97.14.58
665,Beilul,Jedrzejewsky,bjedrzejewskyig@w3.org,116.133.14.225
666,Cirilo,Carruth,ccarruthih@csmonitor.com,92.97.77.235
667,Deni,Roussell,droussellii@mac.com,52.204.8.93
668,Adams,Sutheran,asutheranij@yellowbook.com,247.59.231.239
669,Abrahan,Andrasch,aandraschik@google.com,139.15.81.240
670,Forester,Grey,fgreyil@fc2.com,233.212.254.125
671,Petey,Quigley,pquigleyim@w3.org,141.94.58.67
672,Babs,Beney,bbeneyin@google.cn,205.247.253.199
673,Skylar,Huke,shukeio@salon.com,133.8.105.179
674,Ryun,Laville,rlavilleip@printfriendly.com,72.219.75.72
675,Pietrek,Ibbetson,pibbetsoniq@indiegogo.com,97.200.206.111
676,Francisco,Coaten,fcoatenir@springer.com,27.17.56.134
677,Chicky,Pitherick,cpitherickis@adobe.com,148.115.165.196
678,Tabatha,Puddephatt,tpuddephattit@harvard.edu,171.107.8.15
679,Neville,Hardman,nhardmaniu@pbs.org,228.210.195.45
680,Curt,Ginnety,cginnetyiv@amazon.co.jp,6.140.121.236
681,Tillie,Canero,tcaneroiw@canalblog.com,183.161.35.189
682,Alma,Flaunier,aflaunierix@soundcloud.com,53.127.72.44
683,Zuzana,Kermeen,zkermeeniy@nps.gov,138.184.140.250
684,Grazia,Skiplorne,gskiplorneiz@vkontakte.ru,251.116.65.46
685,Hughie,Brunner,hbrunnerj0@ehow.com,221.202.19.160
686,Damon,De la Yglesias,ddelayglesiasj1@canalblog.com,116.1.220.107
687,Audi,Polon,apolonj2@hexun.com,174.132.34.88
688,Tommy,Seleway,tselewayj3@state.gov,39.179.191.236
689,Ellissa,Jinkinson,ejinkinsonj4@canalblog.com,146.153.245.102
690,Jacklin,MacBrearty,jmacbreartyj5@usatoday.com,51.162.151.42
691,Berkeley,Race,bracej6@alexa.com,18.49.217.2
692,Adan,Ondra,aondraj7@timesonline.co.uk,81.154.246.61
693,Abby,Titterington,atitteringtonj8@123-reg.co.uk,115.174.18.160
694,Erich,Geerits,egeeritsj9@nydailynews.com,164.218.210.242
695,Leena,Sutterby,lsutterbyja@loc.gov,67.98.86.73
696,Margarethe,Billett,mbillettjb@theatlantic.com,158.90.110.163
697,Quinlan,Rugg,qruggjc@time.com,248.114.119.211
698,Rosanna,Solly,rsollyjd@altervista.org,213.64.231.181
699,Calley,Darling,cdarlingje@illinois.edu,171.208.171.58
700,Lanae,Shower,lshowerjf@etsy.com,37.55.165.209
701,Sherwin,Trewhitt,strewhittjg@nifty.com,94.127.229.117
702,Kinnie,Mirams,kmiramsjh@ifeng.com,6.53.194.136
703,Kathryne,Romagosa,kromagosaji@cbslocal.com,90.159.67.137
704,Oswald,Kivits,okivitsjj@wiley.com,53.200.250.215
705,Shelley,Collicott,scollicottjk@microsoft.com,179.194.229.175
706,Toby,Hickenbottom,thickenbottomjl@theguardian.com,154.68.252.157
707,Brucie,Kenzie,bkenziejm@npr.org,62.112.133.122
708,Ilyse,Bardnam,ibardnamjn@time.com,242.45.214.124
709,Claresta,Fuchs,cfuchsjo@fema.gov,192.205.112.79
710,Codee,Connerly,cconnerlyjp@squidoo.com,179.88.84.210
711,Farlie,Hurleston,fhurlestonjq@cnet.com,161.101.195.207
712,Munmro,O' Meara,momearajr@geocities.jp,144.96.222.164
713,Suellen,Chaperlin,schaperlinjs@google.it,46.59.43.244
714,Bibbie,Chatenier,bchatenierjt@myspace.com,151.199.165.162
715,Paola,Gothard,pgothardju@skyrock.com,215.244.153.115
716,Mariam,Stangroom,mstangroomjv@arstechnica.com,41.21.13.200
717,Betti,Deport,bdeportjw@sourceforge.net,62.177.102.239
718,Heddie,Mozzi,hmozzijx@ustream.tv,244.203.216.87
719,Maddalena,Leopard,mleopardjy@last.fm,90.44.112.246
720,Nikos,Ducarne,nducarnejz@dot.gov,110.37.138.64
721,Brendon,Wyllis,bwyllisk0@marketwatch.com,231.39.123.112
722,Eileen,Whyley,ewhyleyk1@cdbaby.com,128.93.157.190
723,Blanca,Haibel,bhaibelk2@cdbaby.com,16.124.99.217
724,Cosmo,Ogilvie,cogilviek3@utexas.edu,64.10.41.223
725,Linnell,Bussens,lbussensk4@1und1.de,13.40.156.45
726,Poul,Alfonsetto,palfonsettok5@sogou.com,12.9.65.5
727,Rhodie,Ruppertz,rruppertzk6@google.com.hk,135.26.149.213
728,Valerye,Minucci,vminuccik7@twitter.com,4.238.107.230
729,Ricky,Ditchburn,rditchburnk8@github.io,88.245.120.167
730,Lena,Matyashev,lmatyashevk9@uiuc.edu,220.104.160.254
731,Mariann,Gilleson,mgillesonka@desdev.cn,157.29.35.44
732,Ruggiero,Mulrean,rmulreankb@privacy.gov.au,25.24.233.159
733,Demetra,Cursons,dcursonskc@icio.us,0.226.252.55
734,Catharina,Gass,cgasskd@washington.edu,202.213.234.15
735,Emmery,Stithe,estitheke@google.co.jp,109.0.120.87
736,Lynette,Morfield,lmorfieldkf@answers.com,98.57.64.86
737,Edee,Skett,eskettkg@auda.org.au,20.135.178.81
738,Bettine,Hallbird,bhallbirdkh@accuweather.com,107.56.4.82
739,Aurelea,Burl,aburlki@buzzfeed.com,24.46.133.163
740,Jesus,Le Barr,jlebarrkj@blogtalkradio.com,42.181.97.122
741,Judd,Smidmor,jsmidmorkk@gizmodo.com,160.84.126.29
742,Kellyann,Boord,kboordkl@cpanel.net,60.68.125.118
743,Chance,FitzGilbert,cfitzgilbertkm@cargocollective.com,69.194.88.173
744,Ike,Ughi,iughikn@bbb.org,186.110.79.199
745,Antonius,Rowson,arowsonko@mozilla.org,37.251.19.220
746,Joey,Barthot,jbarthotkp@microsoft.com,133.53.63.94
747,Ivy,Cowdray,icowdraykq@twitter.com,42.117.112.171
748,Jourdain,Raulstone,jraulstonekr@unicef.org,216.241.67.117
749,Meriel,Stivey,mstiveyks@ocn.ne.jp,226.21.66.12
750,Coletta,Soares,csoareskt@tiny.cc,206.25.227.250
751,Carlotta,Ostick,costickku@bing.com,49.15.95.244
752,Papageno,Hullock,phullockkv@infoseek.co.jp,39.169.178.174
753,Constantine,Lord,clordkw@guardian.co.uk,191.109.60.160
754,Chan,Goff,cgoffkx@wufoo.com,158.72.158.29
755,Carroll,Burrass,cburrassky@comsenz.com,150.114.89.71
756,Esteban,Diaper,ediaperkz@amazon.de,112.58.204.29
757,Carmelia,Mariot,cmariotl0@merriam-webster.com,78.18.250.249
758,Joli,Pichmann,jpichmannl1@booking.com,242.109.72.188
759,Jillene,Cecchetelli,jcecchetellil2@abc.net.au,151.147.136.172
760,Mabel,Board,mboardl3@rediff.com,63.22.243.241
761,Doy,Couthard,dcouthardl4@weebly.com,40.241.180.104
762,Alia,Crumly,acrumlyl5@eventbrite.com,216.111.130.89
763,Dorelia,Pennycock,dpennycockl6@pinterest.com,95.103.119.39
764,Rozamond,Suatt,rsuattl7@cnn.com,41.113.190.191
765,Caren,Missen,cmissenl8@prweb.com,137.145.136.244
766,Gladys,Vanyushin,gvanyushinl9@t-online.de,192.76.190.178
767,Lewes,Koeppke,lkoeppkela@wikimedia.org,131.107.183.142
768,Keely,Giraudel,kgiraudellb@twitpic.com,95.10.216.24
769,Lorelle,Denley,ldenleylc@patch.com,180.23.117.28
770,Ingunna,Northrop,inorthropld@usda.gov,208.245.70.2
771,Nestor,Fairn,nfairnle@miibeian.gov.cn,44.252.251.100
772,Louella,Beaument,lbeaumentlf@hc360.com,220.208.230.110
773,Marika,Meiklam,mmeiklamlg@indiatimes.com,210.222.197.67
774,Elset,McManus,emcmanuslh@sciencedirect.com,33.161.116.164
775,Elysee,Hubbucke,ehubbuckeli@si.edu,105.218.130.204
776,Ronny,De Bischof,rdebischoflj@mozilla.org,166.170.99.186
777,Nydia,Scampion,nscampionlk@phoca.cz,228.52.237.169
778,Tamera,Picknett,tpicknettll@de.vu,121.116.36.99
779,Bebe,Sealeaf,bsealeaflm@blinklist.com,91.52.75.98
780,Steven,Hastwell,shastwellln@photobucket.com,39.189.160.159
781,Darice,Larmuth,dlarmuthlo@wired.com,45.37.38.197
782,Ignazio,Collough,icolloughlp@barnesandnoble.com,33.252.76.138
783,Faulkner,Trahair,ftrahairlq@psu.edu,180.210.75.155
784,Way,Raithby,wraithbylr@independent.co.uk,109.96.160.135
785,Auguste,Yeskin,ayeskinls@goodreads.com,78.2.139.52
786,Laraine,Mea,lmealt@alibaba.com,35.169.171.144
787,Ardys,Longlands,alonglandslu@state.gov,106.153.174.123
788,Karl,Pleasaunce,kpleasauncelv@amazon.co.uk,123.148.220.115
789,Bruce,Gledstane,bgledstanelw@wisc.edu,222.50.238.93
790,Herschel,Dunbabin,hdunbabinlx@storify.com,77.215.85.110
791,Nadine,Narramore,nnarramorely@moonfruit.com,2.34.177.23
792,Claudio,Costellow,ccostellowlz@meetup.com,173.158.220.50
793,Derron,Pirrie,dpirriem0@themeforest.net,223.118.129.100
794,Adella,Fee,afeem1@ehow.com,234.213.185.212
795,Jarib,Yoselevitch,jyoselevitchm2@marketwatch.com,181.47.248.144
796,Lorain,Ainscow,lainscowm3@huffingtonpost.com,121.46.131.11
797,Margie,Neathway,mneathwaym4@liveinternet.ru,190.0.254.202
798,Gustavo,O'Shields,goshieldsm5@freewebs.com,254.152.204.110
799,Teddi,Kynman,tkynmanm6@narod.ru,227.28.178.234
800,Eloise,Tubridy,etubridym7@go.com,123.19.255.47
801,Jemie,Deluze,jdeluzem8@devhub.com,137.184.73.135
802,Simon,Blackborow,sblackborowm9@hatena.ne.jp,172.201.158.221
803,Monah,Markovich,mmarkovichma@quantcast.com,220.69.133.139
804,Tish,Count,tcountmb@scientificamerican.com,92.221.65.161
805,Pamela,Barme,pbarmemc@homestead.com,57.144.234.6
806,Hobard,Blackstock,hblackstockmd@yellowbook.com,103.26.82.238
807,Guilbert,O'Logan,gologanme@freewebs.com,88.253.228.131
808,Teresita,Hebble,thebblemf@baidu.com,251.178.234.34
809,Susanne,Burel,sburelmg@chicagotribune.com,111.51.234.226
810,Rica,Essberger,ressbergermh@dot.gov,132.221.38.199
811,Tobie,Pafford,tpaffordmi@hugedomains.com,238.91.230.192
812,Daniele,Costain,dcostainmj@tamu.edu,73.246.177.169
813,Henry,Barrack,hbarrackmk@comcast.net,168.30.28.234
814,Denis,Carruthers,dcarruthersml@unicef.org,84.219.214.155
815,Derrek,McGenis,dmcgenismm@springer.com,212.142.80.64
816,Noland,Daniells,ndaniellsmn@seesaa.net,23.149.58.74
817,Maure,Mahady,mmahadymo@ftc.gov,40.141.74.163
818,Romy,Hoyte,rhoytemp@dagondesign.com,35.99.110.234
819,Denny,Mougeot,dmougeotmq@yandex.ru,195.183.123.9
820,Elana,Tiron,etironmr@amazon.de,77.14.60.111
821,Duffy,Seppey,dseppeyms@virginia.edu,57.249.15.53
822,Bentley,Jelfs,bjelfsmt@friendfeed.com,103.40.170.237
823,Jeni,Lewens,jlewensmu@wp.com,38.87.104.30
824,Byran,Nicholas,bnicholasmv@discuz.net,173.13.237.90
825,Jesus,Cuttle,jcuttlemw@vk.com,178.113.9.193
826,Hermie,Maly,hmalymx@si.edu,231.100.160.199
827,Perl,Vlasov,pvlasovmy@creativecommons.org,133.175.61.90
828,Kaycee,MacDermid,kmacdermidmz@mapquest.com,24.22.154.95
829,Anni,Kyndred,akyndredn0@comsenz.com,105.75.163.243
830,Cyrille,Bosson,cbossonn1@google.co.uk,218.94.198.230
831,Bax,Cradduck,bcradduckn2@com.com,28.110.220.17
832,Andrus,Darko,adarkon3@taobao.com,171.253.22.27
833,Adrea,Sirette,asiretten4@exblog.jp,84.135.113.55
834,Raynard,Dumbrall,rdumbralln5@nytimes.com,172.75.109.92
835,Darcy,Millhill,dmillhilln6@pinterest.com,89.107.73.36
836,Ewan,Paskerful,epaskerfuln7@canalblog.com,233.26.217.122
837,Richmond,Yesenev,ryesenevn8@hhs.gov,97.255.28.183
838,Nanni,Newick,nnewickn9@marketwatch.com,64.68.134.83
839,Alma,Marsland,amarslandna@skype.com,213.207.252.26
840,Codi,Le feaver,clefeavernb@vk.com,213.210.122.162
841,Laurella,Hazlehurst,lhazlehurstnc@360.cn,223.102.30.123
842,Carlin,Draijer,cdraijernd@meetup.com,46.150.164.63
843,Maurizia,Castellini,mcastellinine@salon.com,83.224.190.42
844,Maura,Idill,midillnf@wikipedia.org,23.231.207.55
845,Magdalen,Muskett,mmuskettng@blogtalkradio.com,129.199.205.57
846,Iona,Pedracci,ipedraccinh@accuweather.com,234.107.120.72
847,Ursala,Denerley,udenerleyni@answers.com,176.92.248.204
848,Duffy,Patshull,dpatshullnj@auda.org.au,76.221.199.140
849,Rennie,Mathis,rmathisnk@studiopress.com,78.7.85.250
850,Tull,Bernat,tbernatnl@salon.com,250.108.211.85
851,Adiana,Sewill,asewillnm@csmonitor.com,33.62.172.201
852,Elliott,McLane,emclanenn@sciencedirect.com,28.248.99.90
853,Bailie,Fruin,bfruinno@goo.ne.jp,30.230.201.170
854,Laverne,Freddi,lfreddinp@livejournal.com,53.112.58.45
855,Lombard,McKomb,lmckombnq@reference.com,248.58.118.99
856,West,Kennifeck,wkennifecknr@privacy.gov.au,130.66.183.190
857,Benetta,Basilio,bbasilions@vk.com,136.26.64.125
858,Dorene,Hyndes,dhyndesnt@google.de,13.167.89.255
859,Renault,Izkovicz,rizkovicznu@gov.uk,210.74.111.65
860,Shawn,Sparshatt,ssparshattnv@globo.com,41.231.114.160
861,Hedwiga,Courtney,hcourtneynw@independent.co.uk,239.3.177.211
862,Gloriane,Tuffield,gtuffieldnx@weather.com,149.186.140.250
863,Clotilda,O'Sesnane,cosesnaneny@dell.com,57.170.29.106
864,Rick,Bednell,rbednellnz@indiegogo.com,54.200.4.159
865,Abagael,Shurmore,ashurmoreo0@sciencedirect.com,255.127.142.20
866,Frederich,Loughman,floughmano1@bigcartel.com,80.197.119.20
867,Adan,Paule,apauleo2@github.com,44.100.148.192
868,Lenora,Skydall,lskydallo3@sohu.com,80.20.147.46
869,Kurtis,Iacovazzi,kiacovazzio4@mayoclinic.com,146.205.89.63
870,Corine,Pawley,cpawleyo5@cisco.com,170.119.50.80
871,Early,Tieraney,etieraneyo6@blogtalkradio.com,27.255.122.204
872,Laurette,Thurlbourne,lthurlbourneo7@amazon.co.jp,233.40.23.165
873,Cazzie,Beeson,cbeesono8@exblog.jp,160.173.166.120
874,Analise,Andreopolos,aandreopoloso9@usatoday.com,208.174.62.77
875,Carey,Maas,cmaasoa@sciencedaily.com,170.235.48.141
876,Humphrey,Hallick,hhallickob@aol.com,122.176.181.178
877,Allsun,Martinson,amartinsonoc@abc.net.au,92.128.55.45
878,Pris,Pentelo,ppentelood@vk.com,59.235.104.162
879,Eleanora,Cadman,ecadmanoe@wordpress.com,28.129.67.218
880,Mic,Reichhardt,mreichhardtof@nymag.com,178.147.196.230
881,Marilee,MacDunleavy,mmacdunleavyog@myspace.com,112.132.247.142
882,Margaretha,O'Callaghan,mocallaghanoh@cdbaby.com,32.227.8.218
883,Jacky,Purselow,jpurselowoi@youku.com,21.224.55.141
884,Urson,Dirand,udirandoj@blogspot.com,103.209.58.13
885,Blancha,Cornu,bcornuok@deliciousdays.com,6.182.44.193
886,Ezequiel,Kimblen,ekimblenol@nymag.com,237.111.207.171
887,Pattin,Fatharly,pfatharlyom@sbwire.com,191.137.88.25
888,Wilow,Meriot,wmerioton@merriam-webster.com,132.246.174.213
889,Beverley,Rowley,browleyoo@cornell.edu,50.130.183.121
890,Waldon,Heggison,wheggisonop@hc360.com,178.163.78.87
891,Urbanus,Prover,uproveroq@npr.org,208.153.170.236
892,Amby,Hadcroft,ahadcroftor@weibo.com,177.25.226.198
893,Beatrisa,Cherrie,bcherrieos@themeforest.net,202.43.198.249
894,Amelita,Dartan,adartanot@cnn.com,141.4.235.85
895,Myca,Soall,msoallou@squarespace.com,170.148.24.241
896,Ennis,Galloway,egallowayov@vimeo.com,121.181.100.100
897,Tani,Bradmore,tbradmoreow@example.com,101.84.45.39
898,Blondie,Biasotti,bbiasottiox@51.la,223.118.111.104
899,Irvin,Purver,ipurveroy@nih.gov,99.107.229.195
900,Meghan,Hodgen,mhodgenoz@indiatimes.com,18.57.255.102
901,Deeyn,Santhouse,dsanthousep0@cyberchimps.com,22.28.70.224
902,Mayer,Backen,mbackenp1@infoseek.co.jp,254.145.178.26
903,Bo,Rouge,brougep2@bizjournals.com,95.58.121.145
904,Zondra,Le Frank,zlefrankp3@illinois.edu,27.12.79.81
905,Elisabet,Ilyukhov,eilyukhovp4@berkeley.edu,95.207.166.234
906,Inna,Shoobridge,ishoobridgep5@auda.org.au,243.18.214.223
907,Lexie,Raggett,lraggettp6@boston.com,124.163.61.127
908,Eb,O'Kynsillaghe,eokynsillaghep7@uol.com.br,127.78.254.149
909,Alexandre,Leafe,aleafep8@dailymail.co.uk,41.205.86.191
910,Whitman,Semrad,wsemradp9@wired.com,154.75.234.137
911,Fran,Mirfin,fmirfinpa@sun.com,68.239.160.56
912,Shalne,Newland,snewlandpb@jiathis.com,25.53.101.35
913,Wanda,Ead,weadpc@economist.com,203.221.78.5
914,Perl,Holah,pholahpd@ameblo.jp,120.239.53.248
915,Pam,Rochford,prochfordpe@wikispaces.com,126.165.93.214
916,Bettine,Harms,bharmspf@google.fr,169.52.196.53
917,Marylee,Spiring,mspiringpg@hud.gov,240.123.16.246
918,Blithe,Thomel,bthomelph@goo.ne.jp,45.152.7.29
919,Angelita,Wimms,awimmspi@facebook.com,155.24.1.99
920,Horatius,St Louis,hstlouispj@newsvine.com,18.165.97.175
921,Latisha,Pascall,lpascallpk@4shared.com,158.137.15.112
922,Pembroke,Utridge,putridgepl@netscape.com,157.73.248.28
923,Ivory,Beedom,ibeedompm@nsw.gov.au,252.24.200.142
924,Logan,Walkey,lwalkeypn@economist.com,12.241.13.112
925,Alvis,Dain,adainpo@freewebs.com,155.187.253.103
926,Isador,Benbough,ibenboughpp@ask.com,38.223.205.224
927,Ethelbert,Cancott,ecancottpq@ftc.gov,30.210.170.134
928,Tybalt,Scullard,tscullardpr@prweb.com,233.200.27.98
929,Mike,Rubinfajn,mrubinfajnps@msu.edu,203.211.45.46
930,Hayyim,Bythway,hbythwaypt@vinaora.com,46.113.139.162
931,Zeb,Bellringer,zbellringerpu@hostgator.com,76.121.18.88
932,Chelsae,Feeham,cfeehampv@ebay.com,163.113.70.203
933,Angelique,Roizn,aroiznpw@nih.gov,83.104.212.133
934,Juliane,Freeberne,jfreebernepx@dion.ne.jp,76.248.19.54
935,Ibby,Geratt,igerattpy@wix.com,143.39.248.77
936,Lianne,Rye,lryepz@cpanel.net,70.6.167.24
937,Constancy,Daniaud,cdaniaudq0@mtv.com,94.208.125.213
938,Neille,Pirozzi,npirozziq1@vk.com,91.74.66.220
939,Maurizia,Morson,mmorsonq2@addtoany.com,31.154.83.129
940,Brigg,Meus,bmeusq3@seattletimes.com,109.140.209.63
941,Benjamen,Marie,bmarieq4@jigsy.com,200.145.184.86
942,Falkner,Rentoll,frentollq5@yelp.com,141.151.149.107
943,Nat,Srawley,nsrawleyq6@livejournal.com,26.96.188.46
944,Donnell,Ridgewell,dridgewellq7@springer.com,192.134.210.30
945,Rowena,Wheatland,rwheatlandq8@cnbc.com,246.207.207.220
946,Ellie,Salter,esalterq9@unc.edu,174.108.77.226
947,Tomi,Frankom,tfrankomqa@admin.ch,230.221.232.243
948,Nessy,Salerg,nsalergqb@techcrunch.com,46.150.230.252
949,Bartlett,Ugolini,bugoliniqc@phpbb.com,192.153.199.97
950,Elle,Reschke,ereschkeqd@opera.com,20.78.183.150
951,Bondon,McNaughton,bmcnaughtonqe@washington.edu,123.209.207.97
952,Kylie,Brennen,kbrennenqf@cmu.edu,43.0.197.114
953,Cullie,Oates,coatesqg@addthis.com,111.209.54.182
954,Nil,Oganesian,noganesianqh@facebook.com,197.43.140.200
955,Fawnia,Fearnley,ffearnleyqi@ucoz.com,46.142.252.19
956,Wittie,Trowle,wtrowleqj@slideshare.net,194.187.78.35
957,Morgen,Fontaine,mfontaineqk@toplist.cz,58.133.127.36
958,Delilah,Conrard,dconrardql@nytimes.com,10.235.103.62
959,Vi,Laye,vlayeqm@usnews.com,154.196.142.226
960,Dene,Carpmile,dcarpmileqn@hibu.com,136.54.15.29
961,Simmonds,Kermit,skermitqo@adobe.com,175.250.167.1
962,Winona,Greenstead,wgreensteadqp@ocn.ne.jp,180.232.39.32
963,Aundrea,MacAfee,amacafeeqq@omniture.com,71.45.100.104
964,Bram,Gellan,bgellanqr@spiegel.de,164.163.102.172
965,Maryanna,Hawyes,mhawyesqs@time.com,248.29.154.77
966,Tamqrah,Megahey,tmegaheyqt@ucoz.ru,169.51.219.145
967,Adelina,Smorfit,asmorfitqu@vk.com,155.196.3.95
968,Pacorro,Jurges,pjurgesqv@devhub.com,7.12.40.97
969,Gorden,Hullot,ghullotqw@netscape.com,14.84.22.226
970,Victoria,Hidderley,vhidderleyqx@yelp.com,9.214.5.151
971,Bridie,Leipoldt,bleipoldtqy@dmoz.org,88.10.34.79
972,Bella,Leteurtre,bleteurtreqz@sfgate.com,50.82.232.102
973,Aubrie,Shinton,ashintonr0@g.co,165.5.253.177
974,Amargo,Leefe,aleefer1@mysql.com,192.253.91.40
975,Belva,Neillans,bneillansr2@privacy.gov.au,110.77.44.139
976,Austina,McGriele,amcgrieler3@vinaora.com,3.184.158.128
977,Cinderella,De Angelis,cdeangelisr4@ucoz.com,167.56.222.154
978,Monro,Boram,mboramr5@unc.edu,219.134.118.199
979,Maggy,Epilet,mepiletr6@harvard.edu,223.78.208.7
980,Dewey,Anker,dankerr7@jiathis.com,126.62.7.100
981,Edeline,Lethlay,elethlayr8@weibo.com,114.34.157.228
982,Adrian,Rabbatts,arabbattsr9@cisco.com,35.177.20.85
983,Aluin,McOwen,amcowenra@reverbnation.com,131.25.162.86
984,Sherline,Crawshay,scrawshayrb@yale.edu,237.147.193.111
985,Gasper,Darrel,gdarrelrc@hatena.ne.jp,35.240.18.64
986,Pauly,Castellan,pcastellanrd@hud.gov,1.8.223.145
987,Jodie,Orpin,jorpinre@google.nl,218.108.73.244
988,Clayson,Kemish,ckemishrf@cbsnews.com,89.221.160.161
989,Tybalt,Steddall,tsteddallrg@yellowbook.com,54.151.196.17
990,Moll,Gately,mgatelyrh@nymag.com,146.255.205.26
991,Melania,Robardey,mrobardeyri@ted.com,111.167.178.187
992,Eulalie,Tiffin,etiffinrj@amazonaws.com,164.48.82.159
993,Cordelia,Ivermee,civermeerk@thetimes.co.uk,28.132.57.190
994,Holden,Smitham,hsmithamrl@arizona.edu,240.14.76.124
995,Zia,Doers,zdoersrm@berkeley.edu,6.86.43.37
996,Cart,Doull,cdoullrn@privacy.gov.au,178.75.36.164
997,Benito,Profit,bprofitro@geocities.jp,13.21.167.173
998,Charmion,Isbell,cisbellrp@uol.com.br,36.137.80.234
999,Rosette,Caskey,rcaskeyrq@sbwire.com,88.71.2.220
1000,Kellen,Martinolli,kmartinollirr@telegraph.co.uk,247.247.37.246
