id,first_name,last_name,email,ip_address
1,Kara-lynn,Hambling,khambling0@apache.org,117.43.158.207
2,Chloe,Chadderton,cchadderton1@indiatimes.com,111.43.85.175
3,Graehme,Vaadeland,gvaadeland2@prnewswire.com,201.199.79.148
4,Ardyth,Gladbach,agladbach3@blogtalkradio.com,6.3.79.156
5,Stephannie,Adamou,sadamou4@berkeley.edu,167.43.11.135
6,Natalie,Heys,nheys5@springer.com,139.184.102.177
7,Fabio,Pass,fpass6@miitbeian.gov.cn,170.245.219.221
8,Krisha,Catcheside,kcatcheside7@youtube.com,34.244.136.75
9,Deborah,Perulli,dperulli8@vkontakte.ru,114.156.183.154
10,Adah,Moreno,amoreno9@skype.com,201.157.140.235
11,Jamison,Ughini,jughinia@miitbeian.gov.cn,43.164.157.184
12,Art,Ferrant,aferrantb@webnode.com,242.67.232.201
13,Robina,Slidders,rsliddersc@scientificamerican.com,221.115.175.8
14,Reece,Quoit,rquoitd@columbia.edu,97.5.45.245
15,Sargent,MacEntee,smacenteee@wikia.com,225.179.116.199
16,Annis,Grave,agravef@hubpages.com,185.158.92.14
17,Urbano,Gillogley,ugillogleyg@comsenz.com,169.89.214.53
18,Courtenay,Ciciura,cciciurah@example.com,202.164.83.130
19,Artie,Campaigne,acampaignei@opensource.org,66.66.155.200
20,Gustavus,Pinniger,gpinnigerj@ovh.net,11.48.238.180
21,Serge,Dron,sdronk@imgur.com,57.115.92.145
22,Rosette,Matijevic,rmatijevicl@pinterest.com,111.78.169.237
23,Faulkner,Budnk,fbudnkm@blogger.com,25.6.70.22
24,Juan,Kilfoyle,jkilfoylen@123-reg.co.uk,186.218.49.48
25,Andy,Legerton,alegertono@shutterfly.com,224.133.74.203
26,Kaia,Abercrombie,kabercrombiep@bbc.co.uk,182.141.45.6
27,Annice,Antonnikov,aantonnikovq@ocn.ne.jp,122.95.117.247
28,Gweneth,Ricardo,gricardor@aol.com,179.76.192.193
29,Silvano,Secret,ssecrets@miitbeian.gov.cn,30.19.181.69
30,Ariana,Edge,aedget@multiply.com,46.243.78.26
31,Salomi,Josefsson,sjosefssonu@cbc.ca,225.72.160.216
32,Orran,Kohrding,okohrdingv@howstuffworks.com,159.234.136.140
33,Melanie,Iacovuzzi,miacovuzziw@dagondesign.com,193.238.249.154
34,Francklyn,Muffen,fmuffenx@imgur.com,228.81.65.193
35,Gray,Stukings,gstukingsy@pbs.org,8.214.58.250
36,Sela,Deveraux,sdeverauxz@hexun.com,43.170.184.84
37,Meridel,Nevill,mnevill10@ihg.com,237.31.126.160
38,Demetre,McKew,dmckew11@addthis.com,172.157.109.192
39,Aloysia,Granville,agranville12@bravesites.com,211.41.54.163
40,Sigismond,Heino,sheino13@altervista.org,23.251.152.156
41,Ryann,Salzburger,rsalzburger14@hc360.com,83.85.23.219
42,Min,Covert,mcovert15@hp.com,8.175.191.47
43,Mariel,Henrych,mhenrych16@unblog.fr,85.34.188.11
44,Teresa,MacKenney,tmackenney17@biblegateway.com,60.61.152.196
45,Flemming,Shord,fshord18@narod.ru,63.74.45.217
46,Bliss,Flory,bflory19@wordpress.com,234.214.139.211
47,Anna-diane,Long,along1a@godaddy.com,203.229.163.157
48,Robena,Mowbray,rmowbray1b@cocolog-nifty.com,186.180.178.181
49,Pearl,McGucken,pmcgucken1c@nature.com,220.216.196.224
50,Rutter,Hebblewhite,rhebblewhite1d@tripadvisor.com,225.128.18.192
51,Patin,Mager,pmager1e@privacy.gov.au,11.138.154.69
52,Meaghan,Attawell,mattawell1f@cnn.com,153.26.76.85
53,Sheryl,Lukianovich,slukianovich1g@ucoz.ru,62.240.236.139
54,Rufus,Barradell,rbarradell1h@nifty.com,183.46.211.253
55,Baird,Daverin,bdaverin1i@mapy.cz,21.205.151.140
56,Judon,Escoffier,jescoffier1j@noaa.gov,240.68.69.61
57,Vevay,Goodwell,vgoodwell1k@sfgate.com,26.12.102.166
58,Jacquette,Bonar,jbonar1l@printfriendly.com,152.239.218.93
59,Courtnay,Lingwood,clingwood1m@ameblo.jp,58.158.29.98
60,Joann,Charette,jcharette1n@sciencedaily.com,130.162.214.52
61,Ambrosius,Flewitt,aflewitt1o@loc.gov,39.74.24.113
62,Ange,Clemson,aclemson1p@naver.com,112.67.69.111
63,Cecilio,Lempke,clempke1q@blinklist.com,116.0.179.173
64,Hanni,Asals,hasals1r@yelp.com,233.140.98.132
65,Zane,Coulthard,zcoulthard1s@surveymonkey.com,107.91.47.159
66,Joshia,Ciobotaro,jciobotaro1t@goo.gl,220.36.51.138
67,Lilias,Barson,lbarson1u@free.fr,105.1.92.96
68,Kala,Epperson,kepperson1v@imdb.com,204.147.23.62
69,Myles,Greasley,mgreasley1w@theguardian.com,166.191.54.137
70,Sigismond,McSporrin,smcsporrin1x@jimdo.com,45.167.125.189
71,Ellyn,Summerley,esummerley1y@seesaa.net,34.244.150.238
72,Aloin,Calton,acalton1z@odnoklassniki.ru,183.128.151.179
73,Jerrine,Raffan,jraffan20@ning.com,173.78.222.47
74,Harriot,Sillars,hsillars21@pcworld.com,213.195.7.97
75,Ariel,Bentjens,abentjens22@naver.com,25.47.107.219
76,Lonny,Briddock,lbriddock23@uol.com.br,186.24.169.188
77,Gretchen,Matthiesen,gmatthiesen24@ftc.gov,133.142.48.156
78,Gerhardine,Bride,gbride25@eepurl.com,204.16.55.220
79,Bryce,Braunfeld,bbraunfeld26@fotki.com,239.22.56.67
80,Frasier,Mathiot,fmathiot27@arstechnica.com,156.84.78.94
81,Winna,Danielsson,wdanielsson28@digg.com,70.120.41.157
82,Gunner,Garahan,ggarahan29@washington.edu,1.54.85.50
83,Mal,Hansod,mhansod2a@lycos.com,216.86.11.74
84,Pren,Danels,pdanels2b@independent.co.uk,59.20.167.43
85,Nicolais,Mound,nmound2c@foxnews.com,49.199.165.252
86,Harriet,Powner,hpowner2d@mapquest.com,32.182.165.225
87,Collete,Minor,cminor2e@state.tx.us,15.253.156.64
88,Orazio,Lamyman,olamyman2f@webs.com,100.132.191.122
89,Edithe,Staziker,estaziker2g@google.com.au,80.111.174.112
90,Corey,Zupone,czupone2h@ocn.ne.jp,192.166.97.217
91,Neel,Ledur,nledur2i@dell.com,202.248.19.192
92,Gaspar,Henden,ghenden2j@diigo.com,143.4.135.95
93,Turner,Clash,tclash2k@squidoo.com,90.39.73.118
94,Christyna,Burcombe,cburcombe2l@ezinearticles.com,10.42.240.112
95,Jade,Thireau,jthireau2m@forbes.com,45.174.28.206
96,Hilary,Dilleway,hdilleway2n@google.fr,251.154.30.59
97,Roger,Asgodby,rasgodby2o@sfgate.com,122.75.80.162
98,Luz,Beetham,lbeetham2p@infoseek.co.jp,90.190.168.35
99,Ainslie,Iveson,aiveson2q@histats.com,207.168.234.65
100,Othilia,Bashford,obashford2r@bigcartel.com,221.48.199.19
101,Trueman,O'Doran,todoran2s@dagondesign.com,244.161.76.114
102,Demetris,Gero,dgero2t@a8.net,222.33.102.212
103,Orella,MacKey,omackey2u@mit.edu,158.5.17.131
104,Alonso,Skeermer,askeermer2v@de.vu,63.25.231.203
105,Janela,Dict,jdict2w@blogspot.com,45.48.212.153
106,Mannie,Prandy,mprandy2x@jugem.jp,94.40.233.123
107,Matty,Hudless,mhudless2y@weather.com,130.227.203.137
108,Vivia,Leyson,vleyson2z@sbwire.com,38.251.109.164
109,Maryl,Coyne,mcoyne30@hatena.ne.jp,222.228.249.219
110,Christina,Matthaus,cmatthaus31@chronoengine.com,87.212.45.22
111,Jessalin,Ould,jould32@unesco.org,248.72.6.122
112,Orelee,Rosenvasser,orosenvasser33@comcast.net,159.177.228.149
113,Gretta,Broyd,gbroyd34@dagondesign.com,129.230.83.239
114,Sancho,Stoffer,sstoffer35@timesonline.co.uk,71.87.123.171
115,Joice,Bebbell,jbebbell36@oakley.com,49.203.170.125
116,Alfons,O'Leahy,aoleahy37@google.pl,10.165.112.5
117,Elden,Tollet,etollet38@ezinearticles.com,223.128.125.232
118,Kermy,Dyball,kdyball39@walmart.com,79.91.16.45
119,Gilemette,Rosenvasser,grosenvasser3a@patch.com,224.70.98.93
120,Meara,Swafford,mswafford3b@booking.com,101.18.21.33
121,Louis,Ends,lends3c@tripod.com,249.80.14.144
122,Marcille,Kenaway,mkenaway3d@uol.com.br,150.218.161.88
123,Alyce,Ranahan,aranahan3e@webeden.co.uk,227.152.188.237
124,Viviana,Hugues,vhugues3f@miitbeian.gov.cn,201.173.210.84
125,Patrick,Colicot,pcolicot3g@bandcamp.com,151.64.161.85
126,Terry,Cuttell,tcuttell3h@last.fm,28.3.20.22
127,Duffy,Joseph,djoseph3i@linkedin.com,64.73.222.20
128,Zelda,Loche,zloche3j@simplemachines.org,95.246.83.49
129,Kory,Davenport,kdavenport3k@spiegel.de,43.92.250.212
130,Michal,Cottrill,mcottrill3l@pcworld.com,184.122.126.157
131,Shel,Blance,sblance3m@privacy.gov.au,106.198.72.33
132,Catie,Simon,csimon3n@jalbum.net,157.177.9.235
133,Joanie,Baline,jbaline3o@state.gov,99.87.144.223
134,Elvis,Marney,emarney3p@apple.com,0.176.39.166
135,Walton,Leslie,wleslie3q@cmu.edu,43.213.242.129
136,Ursala,Gouldie,ugouldie3r@weibo.com,120.206.130.250
137,Karlen,Hadaway,khadaway3s@yale.edu,8.227.69.17
138,Stefania,Cupper,scupper3t@spiegel.de,18.118.56.96
139,Lorilee,Bodycomb,lbodycomb3u@wordpress.org,12.240.33.61
140,Aryn,Gooble,agooble3v@reference.com,137.183.164.189
141,Boote,Clemitt,bclemitt3w@gmpg.org,88.50.94.54
142,Dame,Mosson,dmosson3x@blog.com,76.113.128.203
143,Janka,Giacobilio,jgiacobilio3y@imageshack.us,68.187.70.84
144,Alta,Kemp,akemp3z@infoseek.co.jp,131.101.148.175
145,Guglielmo,Norvell,gnorvell40@cornell.edu,183.94.70.95
146,Annelise,Allderidge,aallderidge41@youku.com,94.137.204.217
147,Alyce,Nockalls,anockalls42@intel.com,154.29.181.148
148,Robby,Blum,rblum43@vistaprint.com,215.9.56.97
149,Peggie,Shakelade,pshakelade44@newsvine.com,101.164.180.238
150,Rex,Kear,rkear45@google.com.br,166.51.252.205
151,Findley,Bance,fbance46@bing.com,155.33.65.25
152,Shane,Martinyuk,smartinyuk47@nifty.com,3.208.138.10
153,Eulalie,Stag,estag48@globo.com,3.247.181.238
154,Patrizius,Milborn,pmilborn49@salon.com,60.35.69.246
155,Adolphus,Fundell,afundell4a@a8.net,223.45.81.47
156,Tilda,Mandrier,tmandrier4b@biblegateway.com,82.73.174.205
157,Terencio,Mandrake,tmandrake4c@abc.net.au,111.129.174.206
158,Noell,Ucceli,nucceli4d@live.com,198.113.160.83
159,Brigit,Batchelour,bbatchelour4e@wired.com,9.237.147.209
160,Ingar,Fasler,ifasler4f@epa.gov,240.202.91.242
161,Irwin,Lauridsen,ilauridsen4g@angelfire.com,210.96.128.164
162,Damaris,Netherwood,dnetherwood4h@artisteer.com,34.172.240.43
163,Jessy,Instock,jinstock4i@simplemachines.org,172.141.66.237
164,Aggy,Mountcastle,amountcastle4j@sina.com.cn,254.201.101.40
165,Viviana,Rival,vrival4k@nasa.gov,228.167.126.54
166,Ruddie,Livermore,rlivermore4l@ebay.com,206.216.191.240
167,Renato,Hoggan,rhoggan4m@tamu.edu,241.110.36.161
168,Regine,Bolle,rbolle4n@census.gov,173.157.103.99
169,Napoleon,Mudle,nmudle4o@weather.com,216.15.196.23
170,Olivette,Arnoud,oarnoud4p@gov.uk,206.98.179.230
171,Nissie,Ginie,nginie4q@cpanel.net,251.212.106.133
172,Doyle,Mutch,dmutch4r@yahoo.com,29.131.63.9
173,Claudius,Emms,cemms4s@example.com,161.204.156.182
174,Sansone,De Matteis,sdematteis4t@admin.ch,42.152.192.229
175,Oralle,Chat,ochat4u@shop-pro.jp,207.163.19.202
176,Teodor,Fletcher,tfletcher4v@devhub.com,219.95.76.226
177,Lennard,Mattholie,lmattholie4w@sourceforge.net,59.226.231.93
178,Anthia,Tacey,atacey4x@1688.com,7.115.125.66
179,Shel,Pargetter,spargetter4y@booking.com,124.204.170.180
180,Jessee,Allden,jallden4z@foxnews.com,142.52.227.180
181,Loralie,Dowyer,ldowyer50@cyberchimps.com,196.160.154.26
182,Gard,Nesbit,gnesbit51@zimbio.com,109.143.119.233
183,Cobby,Nellis,cnellis52@netscape.com,234.252.14.167
184,Maddie,Lamperti,mlamperti53@mashable.com,251.61.248.131
185,Denis,Capes,dcapes54@businessinsider.com,166.42.162.27
186,Anthe,Sinton,asinton55@statcounter.com,144.209.122.71
187,Cordula,Tolley,ctolley56@youtu.be,24.24.174.198
188,Vernor,Liebmann,vliebmann57@arizona.edu,32.101.76.168
189,Clair,Michel,cmichel58@privacy.gov.au,109.78.203.89
190,Leann,O'Shirine,loshirine59@tinypic.com,133.82.219.163
191,Brigitte,Jaffa,bjaffa5a@wufoo.com,172.201.62.203
192,Mauricio,Cade,mcade5b@ucoz.com,11.22.72.144
193,Morissa,Simioli,msimioli5c@scribd.com,77.144.87.156
194,Bianka,Hollyar,bhollyar5d@fema.gov,19.186.230.229
195,Viola,Kinlock,vkinlock5e@nbcnews.com,209.31.9.114
196,Annamaria,Drivers,adrivers5f@soup.io,89.4.172.146
197,Prue,Brehat,pbrehat5g@ovh.net,3.140.208.58
198,Genevra,Birkinshaw,gbirkinshaw5h@japanpost.jp,211.21.104.105
199,Halsy,Jopp,hjopp5i@behance.net,168.192.186.99
200,Marilee,Edwins,medwins5j@rakuten.co.jp,171.219.199.220
201,Eadie,Dowsett,edowsett5k@boston.com,208.207.185.173
202,Micheal,McMorran,mmcmorran5l@cdc.gov,79.194.168.243
203,Hunter,Niece,hniece5m@list-manage.com,166.9.3.188
204,Susann,Farnan,sfarnan5n@phpbb.com,121.75.114.39
205,Rhody,Nicholls,rnicholls5o@google.co.uk,201.83.112.117
206,Gonzalo,Benedick,gbenedick5p@php.net,96.14.158.155
207,Tamar,Nisby,tnisby5q@prweb.com,239.100.51.203
208,Norrie,Tydd,ntydd5r@squidoo.com,81.202.40.25
209,Artair,Henri,ahenri5s@macromedia.com,198.39.248.80
210,Susie,Haggith,shaggith5t@fotki.com,35.115.133.223
211,Perren,Unworth,punworth5u@surveymonkey.com,218.226.244.233
212,Richmond,Janouch,rjanouch5v@php.net,239.244.66.114
213,Paola,Du Fray,pdufray5w@apache.org,236.199.71.137
214,Neila,Skillman,nskillman5x@studiopress.com,169.111.89.254
215,Sonnie,Von Welden,svonwelden5y@netlog.com,2.155.7.105
216,Jackie,Garrique,jgarrique5z@utexas.edu,75.165.115.228
217,Sapphire,Landal,slandal60@cbc.ca,177.41.0.198
218,Danyelle,O'Howbane,dohowbane61@lulu.com,0.186.246.121
219,Otes,Burgwin,oburgwin62@sfgate.com,151.105.5.114
220,Norma,Melland,nmelland63@addtoany.com,119.29.13.58
221,Wallie,Eliet,weliet64@51.la,112.79.220.66
222,Dickie,Hearle,dhearle65@sina.com.cn,12.117.92.199
223,Brandea,Seabrocke,bseabrocke66@go.com,114.219.155.141
224,Mora,Rubinovici,mrubinovici67@eepurl.com,179.212.128.38
225,Corrianne,Lenard,clenard68@nbcnews.com,153.190.168.61
226,Oliviero,Poncet,oponcet69@ibm.com,134.69.22.250
227,Russell,Gritsaev,rgritsaev6a@last.fm,196.126.135.29
228,Heywood,Echallier,hechallier6b@pinterest.com,233.122.180.75
229,Price,Dombrell,pdombrell6c@goo.ne.jp,181.20.183.122
230,Cris,Cleugh,ccleugh6d@sogou.com,255.141.20.214
231,Dulsea,Brownhill,dbrownhill6e@goo.gl,108.202.136.47
232,Christiano,Shirtcliffe,cshirtcliffe6f@over-blog.com,25.177.150.191
233,Theodosia,Adamovicz,tadamovicz6g@topsy.com,135.164.16.47
234,Sarene,Kendrew,skendrew6h@baidu.com,77.6.52.230
235,Hilliary,Merit,hmerit6i@theglobeandmail.com,251.119.96.33
236,Janith,Caddan,jcaddan6j@un.org,142.251.246.158
237,Constanta,Threader,cthreader6k@example.com,185.155.75.21
238,Romy,Camilleri,rcamilleri6l@miibeian.gov.cn,55.167.158.228
239,Lian,Wasiel,lwasiel6m@microsoft.com,176.41.204.81
240,Damian,Wichard,dwichard6n@vimeo.com,148.101.202.21
241,Adriane,Elms,aelms6o@huffingtonpost.com,39.2.39.179
242,Cass,Kuschek,ckuschek6p@shinystat.com,133.196.134.67
243,Javier,Baike,jbaike6q@scientificamerican.com,11.65.175.21
244,Kaleena,MacAne,kmacane6r@about.com,39.33.68.236
245,Adah,Poulson,apoulson6s@deviantart.com,199.90.40.194
246,Garrick,Fellibrand,gfellibrand6t@europa.eu,147.56.21.81
247,Jacinta,Dunstan,jdunstan6u@reverbnation.com,32.77.187.127
248,Breena,Muddiman,bmuddiman6v@meetup.com,11.198.241.206
249,Curr,Vlasin,cvlasin6w@walmart.com,94.250.46.79
250,Rodi,Peschka,rpeschka6x@gizmodo.com,34.230.146.107
251,Zolly,Frise,zfrise6y@virginia.edu,243.221.150.119
252,Arlette,Migheli,amigheli6z@yandex.ru,144.25.156.141
253,Wilton,MacGowan,wmacgowan70@twitter.com,236.230.23.218
254,Elka,Gumbley,egumbley71@reverbnation.com,177.38.35.202
255,Benedicto,Drexel,bdrexel72@quantcast.com,81.37.187.241
256,Elfreda,Arnaudon,earnaudon73@digg.com,229.39.75.249
257,Sanders,Jamieson,sjamieson74@usatoday.com,20.197.0.125
258,Jaquelin,Gatward,jgatward75@scientificamerican.com,81.212.197.252
259,Barby,Ralfe,bralfe76@bravesites.com,133.76.21.41
260,Aurea,Van Bruggen,avanbruggen77@adobe.com,229.8.19.63
261,Rollie,McNess,rmcness78@google.ca,208.198.193.72
262,Helaina,Hickford,hhickford79@yolasite.com,27.117.111.3
263,Ronna,Elgey,relgey7a@google.com.br,135.123.137.196
264,Franny,Normanvill,fnormanvill7b@indiegogo.com,164.248.52.84
265,Yurik,Buchanan,ybuchanan7c@pinterest.com,12.69.171.93
266,Kelcy,Ellaway,kellaway7d@usda.gov,186.54.34.208
267,Yoko,Adkins,yadkins7e@4shared.com,123.200.30.95
268,Goldie,Fenty,gfenty7f@usatoday.com,53.153.12.31
269,Christiano,Normanvill,cnormanvill7g@wordpress.com,141.91.213.4
270,Hercule,Lahy,hlahy7h@smh.com.au,98.175.223.48
271,Virgilio,Peacock,vpeacock7i@statcounter.com,21.31.153.237
272,Neil,Shorto,nshorto7j@boston.com,102.102.205.118
273,Bord,Rewbottom,brewbottom7k@phoca.cz,165.81.202.141
274,Agathe,Mcsarry,amcsarry7l@webs.com,218.114.44.23
275,Anselm,Trodler,atrodler7m@taobao.com,85.123.45.132
276,Maud,Fildes,mfildes7n@forbes.com,155.79.170.249
277,Chrystal,Falks,cfalks7o@barnesandnoble.com,68.104.213.188
278,Richardo,Enochsson,renochsson7p@google.co.uk,239.39.67.201
279,Reena,Strong,rstrong7q@a8.net,2.117.123.100
280,Roxanna,Simkiss,rsimkiss7r@uol.com.br,11.13.81.243
281,Benedetta,Jarrell,bjarrell7s@skype.com,18.161.242.73
282,Barry,MacCarroll,bmaccarroll7t@printfriendly.com,188.171.77.38
283,Salvador,Bury,sbury7u@surveymonkey.com,118.38.9.86
284,Marney,Jeromson,mjeromson7v@sun.com,181.225.158.133
285,Perkin,Fontelles,pfontelles7w@quantcast.com,1.15.219.15
286,Andria,Rosita,arosita7x@ftc.gov,48.237.38.179
287,Heinrick,Surmeir,hsurmeir7y@bloglines.com,159.136.28.218
288,Far,Swafford,fswafford7z@yellowbook.com,127.223.108.132
289,Henrieta,Hallett,hhallett80@live.com,231.19.107.69
290,Ellynn,Tranmer,etranmer81@fastcompany.com,163.70.230.162
291,Stoddard,Leroy,sleroy82@smh.com.au,49.238.63.199
292,Kristo,Pottberry,kpottberry83@java.com,236.181.5.139
293,Carlee,Cornehl,ccornehl84@accuweather.com,213.23.217.100
294,Willie,Ellesmere,wellesmere85@vinaora.com,76.138.173.212
295,Giles,Gavahan,ggavahan86@lulu.com,83.227.70.154
296,Lothario,Mussalli,lmussalli87@buzzfeed.com,214.195.71.26
297,Leonie,Simmon,lsimmon88@dmoz.org,87.132.38.119
298,Ker,Jeyes,kjeyes89@technorati.com,68.196.6.177
299,Rasla,Castangia,rcastangia8a@infoseek.co.jp,0.135.205.171
300,Caty,Willey,cwilley8b@nps.gov,110.228.197.80
301,Sherie,Batchley,sbatchley8c@loc.gov,162.1.227.187
302,Lorain,Fenich,lfenich8d@ning.com,166.231.172.248
303,Malissa,Jobern,mjobern8e@merriam-webster.com,17.108.90.214
304,Cece,Rein,crein8f@oracle.com,204.92.9.217
305,Dodi,Jarred,djarred8g@sakura.ne.jp,207.16.88.239
306,Sander,Wootton,swootton8h@ezinearticles.com,135.59.87.15
307,Rand,Georgiev,rgeorgiev8i@mediafire.com,161.146.49.53
308,Sancho,Slessar,sslessar8j@slate.com,76.34.33.148
309,Lisle,Gooch,lgooch8k@wikia.com,172.233.150.89
310,Grove,Eyckelberg,geyckelberg8l@canalblog.com,74.1.29.90
311,Ammamaria,Dable,adable8m@macromedia.com,138.116.162.193
312,Marlyn,Georgel,mgeorgel8n@networksolutions.com,26.253.186.116
313,Oneida,Pawel,opawel8o@i2i.jp,156.134.241.181
314,Burl,MacRitchie,bmacritchie8p@twitter.com,152.168.19.239
315,Abdul,Koubek,akoubek8q@fastcompany.com,142.122.112.157
316,Darsie,Ivakhin,divakhin8r@liveinternet.ru,19.186.229.100
317,Kailey,Roumier,kroumier8s@last.fm,88.121.76.62
318,Sidonia,Boosey,sboosey8t@dailymotion.com,202.5.105.186
319,Carie,Frank,cfrank8u@marketwatch.com,68.57.8.88
320,Noach,Giron,ngiron8v@uiuc.edu,6.210.125.0
321,Kerianne,Petrowsky,kpetrowsky8w@yelp.com,92.114.34.170
322,Aidan,Grendon,agrendon8x@simplemachines.org,136.184.247.7
323,Clarabelle,Mileham,cmileham8y@icq.com,140.141.215.87
324,Rollin,Brevitt,rbrevitt8z@webs.com,160.242.234.150
325,Andrea,Clamo,aclamo90@wunderground.com,184.59.23.145
326,Alexa,Holson,aholson91@amazonaws.com,99.121.6.101
327,Godfree,Raeside,graeside92@unesco.org,197.186.96.186
328,Gianna,Sweetlove,gsweetlove93@a8.net,200.229.88.176
329,Adriana,Fortey,afortey94@epa.gov,149.148.157.212
330,Mayne,Gerrey,mgerrey95@icq.com,128.137.79.238
331,Corinne,Landsbury,clandsbury96@liveinternet.ru,38.97.241.30
332,Roselia,Gehring,rgehring97@chronoengine.com,28.1.250.135
333,Marsha,Scamerden,mscamerden98@mlb.com,119.146.41.72
334,Ema,Paliser,epaliser99@bloglines.com,35.155.52.203
335,Rudolph,McKmurrie,rmckmurrie9a@yelp.com,76.105.156.154
336,Dallas,Edlestone,dedlestone9b@yellowbook.com,178.240.26.100
337,Michal,Hoggan,mhoggan9c@newyorker.com,196.134.124.30
338,Phillida,Lyste,plyste9d@chicagotribune.com,95.107.44.219
339,Sandi,Pace,space9e@twitpic.com,9.135.27.15
340,Merwyn,Knowling,mknowling9f@usa.gov,182.235.170.31
341,Nolana,Pottie,npottie9g@com.com,20.50.106.25
342,Michaelina,Coulbeck,mcoulbeck9h@feedburner.com,242.51.88.128
343,Johnnie,Fearnyough,jfearnyough9i@youtube.com,203.82.237.209
344,Humphrey,Dowman,hdowman9j@tripod.com,208.175.61.236
345,Del,Raithmill,draithmill9k@nsw.gov.au,242.40.13.250
346,Odilia,Spanswick,ospanswick9l@un.org,217.15.197.224
347,Dixie,O'Flannery,doflannery9m@comsenz.com,120.103.215.135
348,Yovonnda,Clemoes,yclemoes9n@wix.com,54.140.80.34
349,Kellina,Hrycek,khrycek9o@google.ca,120.24.86.209
350,Griffith,Gilkes,ggilkes9p@blogs.com,106.104.42.202
351,Joanne,Ewenson,jewenson9q@pinterest.com,43.81.227.52
352,Nicolina,Boud,nboud9r@google.com.hk,121.136.91.23
353,Kelsy,Jenkins,kjenkins9s@imageshack.us,23.168.228.7
354,Bobbie,Osbourne,bosbourne9t@ycombinator.com,126.248.89.186
355,Leonelle,Banat,lbanat9u@last.fm,213.114.185.219
356,Doloritas,Sporgeon,dsporgeon9v@yandex.ru,31.174.196.155
357,Christoph,Caruth,ccaruth9w@ca.gov,218.128.113.117
358,Maison,Hourston,mhourston9x@sphinn.com,192.133.76.119
359,Sergio,Geharke,sgeharke9y@aboutads.info,172.254.49.202
360,Laurice,Terbruggen,lterbruggen9z@umn.edu,251.131.141.208
361,Mortie,Burl,mburla0@slate.com,54.132.46.211
362,Betteanne,Liffey,bliffeya1@omniture.com,123.44.200.51
363,Sondra,Bramsom,sbramsoma2@dedecms.com,46.180.189.49
364,Violet,Faro,vfaroa3@patch.com,21.98.246.109
365,Barry,Urridge,burridgea4@yahoo.co.jp,198.81.142.156
366,Nichols,Beglin,nbeglina5@mac.com,146.229.118.147
367,Delmar,Verecker,dvereckera6@cpanel.net,91.213.232.66
368,Elisa,Balma,ebalmaa7@google.ca,148.250.27.71
369,Cinda,Lydall,clydalla8@aol.com,219.37.222.135
370,Chicky,Blakemore,cblakemorea9@prlog.org,195.174.149.238
371,Corbie,Horrod,chorrodaa@washington.edu,143.95.122.199
372,Roby,Oxley,roxleyab@studiopress.com,17.52.40.159
373,Dianemarie,Locksley,dlocksleyac@ihg.com,61.237.176.111
374,Fred,Swepson,fswepsonad@tmall.com,220.255.90.127
375,Winna,Mulryan,wmulryanae@tinyurl.com,62.142.101.226
376,Davita,Delwater,ddelwateraf@accuweather.com,76.11.114.67
377,Harper,Westcar,hwestcarag@mapquest.com,193.138.70.125
378,Jori,Bransgrove,jbransgroveah@microsoft.com,115.204.6.16
379,Ivett,Astlett,iastlettai@unc.edu,147.51.160.88
380,Stacy,Mateos,smateosaj@mapy.cz,247.181.93.169
381,Leann,Earingey,learingeyak@free.fr,136.97.186.156
382,Alaric,Brittoner,abrittoneral@posterous.com,27.37.16.220
383,Loralyn,Graffin,lgraffinam@youku.com,196.87.128.162
384,Aurelia,Winspear,awinspearan@jugem.jp,47.208.13.155
385,Kath,Sever,kseverao@un.org,74.180.3.179
386,Benjamen,Weich,bweichap@statcounter.com,27.221.185.214
387,Mohammed,Davley,mdavleyaq@cnet.com,194.102.45.236
388,Willie,MacSkeaghan,wmacskeaghanar@smugmug.com,111.210.247.69
389,Moira,Iacabucci,miacabuccias@mapquest.com,180.87.27.212
390,Lori,MacCafferky,lmaccafferkyat@ning.com,76.68.60.53
391,Pris,Macari,pmacariau@unblog.fr,225.181.50.220
392,Gaylord,Thornton,gthorntonav@eepurl.com,71.151.57.0
393,Cale,Grahamslaw,cgrahamslawaw@cargocollective.com,100.244.154.16
394,Lindsy,Gipson,lgipsonax@omniture.com,27.15.173.155
395,Elfie,Semiraz,esemirazay@artisteer.com,102.180.180.78
396,Harriot,Boynton,hboyntonaz@comsenz.com,190.132.135.168
397,Fidole,Farfoot,ffarfootb0@theguardian.com,224.142.226.82
398,Salvidor,Boothby,sboothbyb1@xing.com,19.227.253.10
399,Berty,Benez,bbenezb2@blog.com,195.166.180.220
400,Saundra,Eaton,seatonb3@businessinsider.com,208.201.32.133
401,Halley,Barneveld,hbarneveldb4@macromedia.com,67.57.83.155
402,Lilian,Swinerd,lswinerdb5@surveymonkey.com,15.8.236.116
403,Tamqrah,Spinnace,tspinnaceb6@cnbc.com,224.143.178.127
404,Clary,Stannering,cstanneringb7@imdb.com,35.144.83.227
405,Lonnie,Scatchard,lscatchardb8@kickstarter.com,48.159.127.194
406,Valdemar,Rey,vreyb9@vimeo.com,88.189.0.109
407,Madelene,Robart,mrobartba@state.gov,32.0.247.219
408,Barrett,Jeaves,bjeavesbb@barnesandnoble.com,7.212.209.94
409,Renaud,Tideswell,rtideswellbc@nytimes.com,201.237.117.13
410,Lizzy,Baines,lbainesbd@thetimes.co.uk,190.116.191.37
411,Patin,Arunowicz,parunowiczbe@delicious.com,27.103.71.249
412,Gina,Jorin,gjorinbf@wordpress.com,75.42.225.134
413,Meggy,Begin,mbeginbg@wikimedia.org,168.252.200.180
414,Alleen,Folshom,afolshombh@si.edu,54.117.11.198
415,Conn,Cullington,ccullingtonbi@msu.edu,226.211.34.224
416,Raven,Cords,rcordsbj@mac.com,183.129.28.31
417,Linda,Woolmer,lwoolmerbk@creativecommons.org,205.210.4.8
418,Dacy,Meron,dmeronbl@eventbrite.com,47.107.127.250
419,Karry,Mangeney,kmangeneybm@shutterfly.com,75.126.56.116
420,Jo ann,Keeffe,jkeeffebn@plala.or.jp,49.68.126.106
421,Sal,Beacock,sbeacockbo@opera.com,63.8.7.100
422,Stephana,Moyers,smoyersbp@furl.net,205.62.140.194
423,Papageno,Avramchik,pavramchikbq@g.co,135.61.247.176
424,Millie,Chark,mcharkbr@usa.gov,45.249.88.124
425,Bill,Lowden,blowdenbs@cisco.com,152.170.255.33
426,Ellyn,Shimmin,eshimminbt@amazon.co.uk,250.180.50.178
427,Rubina,McDermot,rmcdermotbu@nydailynews.com,174.217.149.186
428,Burnard,Gillio,bgilliobv@dedecms.com,138.90.241.70
429,Yoko,Ullyott,yullyottbw@phoca.cz,143.20.63.163
430,Cyndia,Storcke,cstorckebx@odnoklassniki.ru,228.239.108.136
431,Arlana,Hadgraft,ahadgraftby@google.pl,40.88.251.246
432,Vickie,Spon,vsponbz@wikipedia.org,76.67.249.183
433,Shelbi,Tearle,stearlec0@amazon.co.jp,151.135.33.44
434,Kimmy,Lincoln,klincolnc1@google.fr,200.211.42.4
435,Germain,Scathard,gscathardc2@ucoz.com,153.225.224.154
436,Chip,Vear,cvearc3@privacy.gov.au,131.59.207.211
437,Webster,Jeannequin,wjeannequinc4@etsy.com,3.148.196.143
438,Alisander,Gwilym,agwilymc5@w3.org,41.170.82.124
439,Cirilo,Bawcock,cbawcockc6@yelp.com,206.167.119.219
440,Charley,MacSorley,cmacsorleyc7@mail.ru,93.203.15.175
441,Kessia,Winwright,kwinwrightc8@earthlink.net,196.240.128.252
442,Bruis,Strognell,bstrognellc9@umn.edu,12.204.170.40
443,Melba,Meffen,mmeffenca@nifty.com,206.177.215.225
444,Hakim,Klein,hkleincb@google.com.au,134.72.215.239
445,Dru,Rolance,drolancecc@seesaa.net,117.1.60.12
446,Howie,Gellion,hgellioncd@gov.uk,99.40.255.10
447,Joletta,McCullouch,jmccullouchce@blogspot.com,204.202.50.244
448,Imogene,Lodovichi,ilodovichicf@plala.or.jp,249.163.128.217
449,Marcelline,Khomishin,mkhomishincg@reference.com,53.28.123.200
450,Giuditta,Wallbanks,gwallbanksch@google.cn,184.27.202.237
451,Merrielle,Steet,msteetci@hp.com,241.4.160.209
452,Suzanna,Magnus,smagnuscj@macromedia.com,39.20.71.58
453,Barrie,Barock,bbarockck@shareasale.com,191.107.242.127
454,Perceval,Bryson,pbrysoncl@ocn.ne.jp,114.180.174.210
455,Ludovico,Vasishchev,lvasishchevcm@devhub.com,182.126.100.223
456,Elton,Hembery,ehemberycn@cloudflare.com,5.24.169.141
457,Clare,Buntine,cbuntineco@arstechnica.com,228.113.135.118
458,Felicia,Whiley,fwhileycp@moonfruit.com,30.122.114.50
459,Trefor,Finlason,tfinlasoncq@mayoclinic.com,99.114.87.253
460,Sheelah,Batie,sbatiecr@nasa.gov,76.131.105.195
461,Robb,Boddie,rboddiecs@timesonline.co.uk,56.146.116.193
462,Cherish,Pol,cpolct@forbes.com,66.210.182.52
463,Marco,Alvar,malvarcu@devhub.com,46.7.6.9
464,Linn,Gagie,lgagiecv@baidu.com,120.73.31.10
465,Alejoa,Hardwicke,ahardwickecw@sfgate.com,199.51.34.11
466,Obidiah,MacMenemy,omacmenemycx@webmd.com,255.94.156.237
467,Clementina,Reiners,creinerscy@pagesperso-orange.fr,230.200.41.6
468,Herman,Megarrell,hmegarrellcz@ucoz.com,201.188.19.141
469,Nobe,Tunnock,ntunnockd0@ucla.edu,18.196.147.1
470,Basilius,Salliss,bsallissd1@cnn.com,12.209.178.63
471,Roxine,Suche,rsuched2@jugem.jp,214.96.43.153
472,Amy,Caddens,acaddensd3@theguardian.com,29.138.35.6
473,Nona,Bulcock,nbulcockd4@seattletimes.com,241.8.225.211
474,Warner,Cesconi,wcesconid5@nytimes.com,224.246.165.10
475,Ced,Alvis,calvisd6@washington.edu,38.21.227.202
476,Odie,Spearing,ospearingd7@ted.com,44.151.244.42
477,Megan,Bramo,mbramod8@simplemachines.org,203.96.218.15
478,Christa,Kitchingman,ckitchingmand9@rediff.com,172.151.140.61
479,Alfi,Kingaby,akingabyda@a8.net,105.8.142.154
480,Aubry,Growcock,agrowcockdb@zimbio.com,251.250.22.42
481,Amandi,Ingre,aingredc@edublogs.org,108.37.106.111
482,Judye,Malia,jmaliadd@tamu.edu,175.88.8.221
483,Jud,Stringfellow,jstringfellowde@tiny.cc,1.181.215.59
484,Stefania,Leversuch,sleversuchdf@bbc.co.uk,52.68.136.202
485,Wendye,Matashkin,wmatashkindg@pcworld.com,67.148.12.71
486,Cornelle,Astle,castledh@mail.ru,188.221.74.8
487,Kaiser,Pistol,kpistoldi@ucla.edu,15.77.0.166
488,Blake,McCuffie,bmccuffiedj@samsung.com,194.93.197.209
489,Blake,Bortoli,bbortolidk@home.pl,54.69.198.11
490,Simone,Cardillo,scardillodl@google.ca,170.178.12.127
491,Nels,Ribbens,nribbensdm@usa.gov,159.29.2.23
492,Sander,Maltby,smaltbydn@imgur.com,177.175.138.71
493,Theo,Thompsett,tthompsettdo@oracle.com,82.254.122.126
494,Adelice,Hantusch,ahantuschdp@unc.edu,176.147.123.50
495,Tish,Costellow,tcostellowdq@addthis.com,151.206.189.101
496,Amalia,Hurche,ahurchedr@wisc.edu,12.208.224.50
497,Christophe,Dettmar,cdettmards@dedecms.com,187.130.83.195
498,Cornall,Ivanisov,civanisovdt@yolasite.com,163.234.40.112
499,Olivette,Marte,omartedu@ask.com,209.56.160.210
500,Deck,Leeburn,dleeburndv@goodreads.com,188.108.111.252
501,Winfred,Chamney,wchamneydw@china.com.cn,179.10.187.78
502,Bobine,Deniset,bdenisetdx@cnet.com,74.105.183.241
503,Eddy,Meyrick,emeyrickdy@hc360.com,90.79.194.20
504,Mikol,Jurgenson,mjurgensondz@salon.com,184.153.136.117
505,Angel,Ventris,aventrise0@nsw.gov.au,142.218.36.154
506,Augusto,O' Flaherty,aoflahertye1@marketwatch.com,208.37.230.223
507,Craggy,Hamments,chammentse2@cdbaby.com,60.198.79.235
508,Wittie,Gilfillan,wgilfillane3@storify.com,51.115.101.27
509,Bink,Rylett,brylette4@wired.com,47.218.97.15
510,Felipe,Angliss,fanglisse5@163.com,97.12.54.88
511,Obidiah,Gleave,ogleavee6@smugmug.com,12.228.216.95
512,Ive,Eames,ieamese7@studiopress.com,10.93.249.247
513,Gates,Snaden,gsnadene8@amazon.co.jp,218.169.243.229
514,Padraic,Rollings,prollingse9@elegantthemes.com,244.253.35.230
515,Adaline,Geldeard,ageldeardea@washingtonpost.com,169.23.181.189
516,Paula,Beisley,pbeisleyeb@bigcartel.com,86.232.168.216
517,Eden,Meagh,emeaghec@mit.edu,9.72.127.120
518,Errick,Caygill,ecaygilled@twitpic.com,59.50.135.97
519,Fidel,Golborn,fgolbornee@nhs.uk,166.98.5.24
520,Rufe,Harcourt,rharcourtef@fotki.com,69.25.199.107
521,Tuckie,Ferrari,tferrarieg@trellian.com,116.197.62.104
522,Maybelle,O'Carmody,mocarmodyeh@dyndns.org,67.182.159.211
523,Henri,Aleevy,haleevyei@ucoz.ru,36.2.5.194
524,Kimberly,Pennetti,kpennettiej@blinklist.com,174.18.187.75
525,Tab,Spight,tspightek@quantcast.com,53.224.8.128
526,Harris,Van Velden,hvanveldenel@unicef.org,67.216.140.163
527,Sidoney,Torfin,storfinem@loc.gov,27.101.144.16
528,Nike,Klaes,nklaesen@elpais.com,5.79.105.20
529,Lola,Mursell,lmurselleo@gov.uk,175.134.172.100
530,Yorgos,Paddle,ypaddleep@china.com.cn,44.160.13.223
531,Hermie,Towlson,htowlsoneq@reverbnation.com,220.243.135.226
532,Emeline,Doyley,edoyleyer@house.gov,116.41.210.154
533,Lorenzo,Woolf,lwoolfes@dropbox.com,60.70.36.172
534,Teddie,Garbutt,tgarbuttet@huffingtonpost.com,218.209.149.105
535,Karmen,Blaver,kblavereu@telegraph.co.uk,206.89.184.185
536,Dimitry,Kubicek,dkubicekev@sfgate.com,144.135.105.246
537,Cobb,Clempton,cclemptonew@loc.gov,74.4.88.3
538,Rosette,Churchward,rchurchwardex@issuu.com,228.141.222.72
539,Bellanca,Pollock,bpollockey@mysql.com,148.247.214.142
540,Krystyna,Roney,kroneyez@imgur.com,172.68.71.85
541,Dietrich,Witt,dwittf0@biblegateway.com,209.215.231.140
542,Arne,Wogden,awogdenf1@cbslocal.com,170.65.144.20
543,Alma,Gonnelly,agonnellyf2@ed.gov,82.172.156.192
544,Allayne,Joanaud,ajoanaudf3@dedecms.com,210.41.127.206
545,Ursula,Lawlor,ulawlorf4@ustream.tv,143.187.20.237
546,Derick,Ondrus,dondrusf5@storify.com,186.25.172.56
547,Trace,Nesbitt,tnesbittf6@addtoany.com,221.207.130.150
548,Reed,Forsdicke,rforsdickef7@indiegogo.com,252.9.98.55
549,Antone,Dilnot,adilnotf8@netlog.com,39.58.65.94
550,Odille,Monget,omongetf9@boston.com,242.243.227.52
551,Walliw,Sharpley,wsharpleyfa@fema.gov,213.72.113.174
552,Jasmine,Block,jblockfb@illinois.edu,195.60.114.161
553,Wallas,Peak,wpeakfc@youku.com,206.87.120.103
554,Luz,Ludovico,lludovicofd@nasa.gov,184.248.192.172
555,Ham,Neeves,hneevesfe@ucla.edu,154.56.57.102
556,Larine,Barrus,lbarrusff@clickbank.net,95.158.165.166
557,Eddy,Jedrys,ejedrysfg@sciencedirect.com,228.92.113.234
558,Calley,Curryer,ccurryerfh@springer.com,97.201.232.187
559,Dag,Rubinfeld,drubinfeldfi@amazon.co.uk,93.34.169.161
560,Rozelle,Melling,rmellingfj@weibo.com,178.190.30.56
561,Leonidas,Vickarman,lvickarmanfk@istockphoto.com,58.89.19.13
562,Amos,Forlonge,aforlongefl@github.io,61.176.247.151
563,Gearalt,Fley,gfleyfm@un.org,163.204.3.92
564,Gilligan,Legrave,glegravefn@imdb.com,217.157.35.3
565,Rozina,Grimm,rgrimmfo@blogtalkradio.com,183.74.159.94
566,Cleveland,Fost,cfostfp@ucsd.edu,253.162.186.43
567,Craggy,Arons,caronsfq@youku.com,16.230.189.188
568,Ferdie,Silby,fsilbyfr@spiegel.de,160.49.11.184
569,Natty,Sandry,nsandryfs@hubpages.com,61.246.137.243
570,Suzanne,Poulter,spoulterft@sakura.ne.jp,240.107.147.171
571,Kenton,Claydon,kclaydonfu@nationalgeographic.com,81.208.154.77
572,Bebe,Mattedi,bmattedifv@flavors.me,210.178.95.3
573,Velma,Jull,vjullfw@wikispaces.com,229.50.217.17
574,Tessy,Linny,tlinnyfx@51.la,172.245.63.221
575,Yul,Harlett,yharlettfy@yelp.com,220.119.212.107
576,Andrei,Cleator,acleatorfz@vk.com,189.53.38.10
577,Lanny,Attride,lattrideg0@tinypic.com,115.222.46.16
578,Pen,Whisker,pwhiskerg1@cpanel.net,60.143.8.24
579,Ara,Pilley,apilleyg2@list-manage.com,248.33.144.131
580,Donica,MacNeely,dmacneelyg3@usatoday.com,29.153.20.78
581,Torrence,Mutton,tmuttong4@skype.com,38.16.163.177
582,Jerrilee,Woollett,jwoollettg5@i2i.jp,161.230.142.24
583,Alejandrina,Talboy,atalboyg6@telegraph.co.uk,133.238.142.250
584,Artemas,Menpes,amenpesg7@toplist.cz,96.132.152.80
585,Corney,Doore,cdooreg8@ucsd.edu,107.215.111.199
586,Jo-anne,Nizet,jnizetg9@quantcast.com,45.52.57.192
587,Onfroi,Jarrold,ojarroldga@1688.com,116.231.212.48
588,Shirline,Starbucke,sstarbuckegb@cyberchimps.com,154.107.38.76
589,Emilio,Morhall,emorhallgc@storify.com,159.206.53.27
590,Nickolai,Raycroft,nraycroftgd@comcast.net,90.83.187.245
591,Jess,Ellit,jellitge@dion.ne.jp,149.88.238.74
592,Tobe,Basilone,tbasilonegf@t-online.de,168.1.11.54
593,Averyl,Civitillo,acivitillogg@zdnet.com,194.19.167.226
594,Elfie,Bodell,ebodellgh@tmall.com,217.145.239.180
595,Gusti,Lassen,glassengi@home.pl,31.96.93.12
596,Renelle,Foister,rfoistergj@posterous.com,33.106.69.13
597,Joellyn,Boldison,jboldisongk@pagesperso-orange.fr,183.188.48.21
598,Anita,Hogben,ahogbengl@odnoklassniki.ru,231.234.137.128
599,Shalne,Risley,srisleygm@unesco.org,69.191.250.226
600,Larissa,Sizeland,lsizelandgn@prnewswire.com,150.190.228.192
601,Marion,Cullen,mcullengo@vistaprint.com,38.133.153.225
602,Thibaud,Zavattero,tzavatterogp@utexas.edu,163.238.68.224
603,Cullen,Atmore,catmoregq@noaa.gov,35.253.101.197
604,Aura,Musk,amuskgr@bloglines.com,223.118.225.197
605,Ignatius,Faughnan,ifaughnangs@bravesites.com,173.221.159.3
606,Robinia,Baraja,rbarajagt@newsvine.com,76.127.75.14
607,Tomasina,Pareman,tparemangu@meetup.com,226.159.166.240
608,Dani,Boomes,dboomesgv@mac.com,141.133.153.224
609,Milly,Lumm,mlummgw@illinois.edu,194.11.161.78
610,Thia,Gabbot,tgabbotgx@ifeng.com,128.177.72.46
611,Ileane,Voelker,ivoelkergy@engadget.com,171.27.141.228
612,Casar,Dunstan,cdunstangz@fema.gov,85.37.74.191
613,Uriah,Whitchurch,uwhitchurchh0@mysql.com,98.127.42.36
614,Alexander,Guswell,aguswellh1@google.es,219.111.183.39
615,Tiffi,Niven,tnivenh2@surveymonkey.com,184.23.151.231
616,Eberto,Preon,epreonh3@sogou.com,241.173.56.94
617,Prince,Tuffield,ptuffieldh4@goodreads.com,79.13.65.108
618,Alfie,Rhymer,arhymerh5@blogspot.com,150.199.118.192
619,Penni,Willavize,pwillavizeh6@ovh.net,39.154.145.116
620,Robenia,Robottom,rrobottomh7@wiley.com,168.213.253.125
621,Neil,Smithin,nsmithinh8@vimeo.com,81.219.94.19
622,Frances,Bridge,fbridgeh9@free.fr,236.68.61.166
623,Andra,Vescovo,avescovoha@businessweek.com,14.76.30.136
624,Alden,Magson,amagsonhb@ocn.ne.jp,229.12.84.84
625,Eilis,Rubanenko,erubanenkohc@dailymotion.com,166.87.176.164
626,Gaylor,Vint,gvinthd@merriam-webster.com,89.191.193.159
627,Phylys,Raiker,praikerhe@devhub.com,155.18.26.75
628,Tracy,Lamke,tlamkehf@usda.gov,220.232.185.226
629,Sunny,Hebron,shebronhg@mail.ru,190.212.87.97
630,Abbot,Shields,ashieldshh@tuttocitta.it,164.19.70.179
631,Weston,Cawson,wcawsonhi@opera.com,64.155.238.87
632,Cally,Weippert,cweipperthj@ameblo.jp,30.46.209.82
633,Sacha,Irwin,sirwinhk@altervista.org,100.30.221.5
634,Rich,Paulisch,rpaulischhl@blogs.com,163.174.178.187
635,Gaven,Phelps,gphelpshm@telegraph.co.uk,232.133.74.177
636,Bearnard,Annett,bannetthn@reverbnation.com,61.1.159.157
637,Delly,MacRury,dmacruryho@gravatar.com,147.43.40.39
638,Boyce,Pammenter,bpammenterhp@hao123.com,151.16.11.14
639,Leonie,Braley,lbraleyhq@cnbc.com,209.114.66.195
640,Rock,Wanek,rwanekhr@mozilla.com,108.189.196.89
641,Zed,Reeson,zreesonhs@umich.edu,242.134.141.155
642,Chris,Blacklawe,cblacklaweht@prnewswire.com,232.186.233.182
643,Sonja,Felgat,sfelgathu@gizmodo.com,166.153.113.29
644,Devi,Zold,dzoldhv@instagram.com,49.162.92.191
645,Val,Wetherell,vwetherellhw@xing.com,180.51.27.180
646,Gherardo,Pullar,gpullarhx@cbslocal.com,84.193.20.144
647,Sawyer,Winterburn,swinterburnhy@upenn.edu,185.64.85.3
648,Amalee,Rayburn,arayburnhz@mysql.com,69.191.126.215
649,Sayers,Spanton,sspantoni0@elegantthemes.com,21.165.19.21
650,Kingsly,Chubb,kchubbi1@prlog.org,187.162.137.148
651,Katharyn,Cregeen,kcregeeni2@google.nl,248.237.13.81
652,Ava,Sallery,asalleryi3@google.de,112.94.176.208
653,Daria,Pardew,dpardewi4@foxnews.com,169.187.154.106
654,Charmane,Goldwater,cgoldwateri5@ovh.net,165.35.200.213
655,Fionnula,Roads,froadsi6@skyrock.com,156.121.31.249
656,Analise,Hoolaghan,ahoolaghani7@mtv.com,247.50.247.30
657,Vivian,Swindon,vswindoni8@google.fr,144.47.111.111
658,Bennie,Mushrow,bmushrowi9@1688.com,237.175.207.113
659,Raf,Scottrell,rscottrellia@mac.com,71.187.144.221
660,Frederica,Seal,fsealib@tuttocitta.it,214.111.246.184
661,Jeffie,Tremaine,jtremaineic@unesco.org,93.61.50.145
662,Tab,Fewings,tfewingsid@dell.com,104.197.210.15
663,Dexter,Worsfield,dworsfieldie@who.int,57.162.205.65
664,Lizzie,Sainsbury-Brown,lsainsburybrownif@bbb.org,117.113.120.208
665,Marnia,Thorpe,mthorpeig@lycos.com,48.32.171.25
666,Jareb,Bernaert,jbernaertih@europa.eu,131.130.186.28
667,Celine,Matusov,cmatusovii@dropbox.com,153.52.63.9
668,Neely,Girardini,ngirardiniij@techcrunch.com,225.107.223.9
669,Rosamond,Rodliff,rrodliffik@aboutads.info,136.9.156.230
670,Wynn,Lintall,wlintallil@fema.gov,204.16.122.219
671,Vernen,O' Kelleher,vokelleherim@histats.com,177.173.136.165
672,Mikey,Cleiment,mcleimentin@imgur.com,96.212.144.115
673,Kessiah,Southby,ksouthbyio@vkontakte.ru,53.195.96.61
674,Loren,Damrel,ldamrelip@nbcnews.com,195.69.229.15
675,Murdoch,MacCracken,mmaccrackeniq@imgur.com,9.74.245.128
676,Alexio,Mordey,amordeyir@redcross.org,56.69.116.204
677,Harrison,Swatton,hswattonis@nationalgeographic.com,250.85.20.175
678,Fairlie,Galvan,fgalvanit@barnesandnoble.com,73.61.73.182
679,Skylar,Ewebank,sewebankiu@theguardian.com,34.48.145.185
680,Monique,Wildes,mwildesiv@webmd.com,218.142.123.67
681,Cayla,Yakuntsov,cyakuntsoviw@merriam-webster.com,211.195.37.81
682,Brittani,Cromett,bcromettix@homestead.com,102.214.169.102
683,Ker,Grodden,kgroddeniy@jiathis.com,199.247.188.85
684,Marlo,Sivyer,msivyeriz@de.vu,129.27.156.62
685,Chandra,Legon,clegonj0@redcross.org,19.86.185.80
686,Kaitlynn,Giovannardi,kgiovannardij1@state.tx.us,33.21.40.24
687,Eugenius,St Angel,estangelj2@intel.com,221.81.17.250
688,Andrej,Fridlington,afridlingtonj3@dedecms.com,68.82.87.210
689,Kirbie,Morston,kmorstonj4@nhs.uk,192.52.248.244
690,Brynn,Readett,breadettj5@jiathis.com,173.114.34.169
691,Dew,Overthrow,doverthrowj6@google.co.uk,192.130.198.192
692,Kippie,Daniels,kdanielsj7@imdb.com,54.7.83.118
693,Judi,Doumic,jdoumicj8@sina.com.cn,138.81.41.182
694,Baudoin,Phizackarley,bphizackarleyj9@oakley.com,118.70.244.118
695,Karena,Casali,kcasalija@goo.gl,95.184.114.106
696,Quintina,Aspin,qaspinjb@addtoany.com,170.196.80.158
697,Derron,Corley,dcorleyjc@123-reg.co.uk,187.6.191.179
698,Cahra,Borel,cboreljd@geocities.jp,47.0.182.143
699,Laurence,Evins,levinsje@plala.or.jp,72.129.238.97
700,Currey,Bridgman,cbridgmanjf@weebly.com,24.24.111.74
701,Thane,Giraudat,tgiraudatjg@sphinn.com,236.152.186.35
702,Bernadette,Soff,bsoffjh@statcounter.com,194.132.60.236
703,Ryley,Blaw,rblawji@seesaa.net,212.225.143.73
704,Aube,Creeboe,acreeboejj@toplist.cz,95.179.246.74
705,Morgana,Hubber,mhubberjk@elegantthemes.com,189.183.166.141
706,Barry,Pettie,bpettiejl@mapy.cz,39.146.199.24
707,Agatha,Olyff,aolyffjm@gov.uk,147.188.240.28
708,Jefferson,Oxteby,joxtebyjn@arizona.edu,8.171.30.150
709,Jonathon,Swale,jswalejo@hp.com,71.72.37.79
710,Cherianne,Elphinston,celphinstonjp@newsvine.com,76.201.207.92
711,Grata,Rollo,grollojq@so-net.ne.jp,218.96.156.209
712,Dael,Wartonby,dwartonbyjr@blogtalkradio.com,249.145.127.118
713,Jeralee,Gillimgham,jgillimghamjs@mozilla.org,108.237.99.188
714,Thekla,Hassan,thassanjt@msn.com,58.71.150.134
715,Dani,McEntegart,dmcentegartju@mysql.com,106.143.143.152
716,Katharine,Endecott,kendecottjv@upenn.edu,153.68.179.15
717,Wilone,Tutton,wtuttonjw@zdnet.com,40.113.113.207
718,Jackquelin,Matiasek,jmatiasekjx@instagram.com,144.227.34.186
719,Genevieve,Dawdary,gdawdaryjy@cbslocal.com,218.222.193.165
720,Elinore,Bandey,ebandeyjz@csmonitor.com,251.126.125.200
721,Gregoire,Pattesall,gpattesallk0@hp.com,87.6.40.188
722,Trip,Marusik,tmarusikk1@vkontakte.ru,199.64.228.8
723,Johannes,Shuard,jshuardk2@cnet.com,169.100.27.153
724,Cordie,Swaddle,cswaddlek3@dot.gov,211.152.227.95
725,Ciel,Jacques,cjacquesk4@slideshare.net,96.12.176.204
726,Mathe,Handrik,mhandrikk5@bandcamp.com,29.14.28.223
727,Linnet,Janaud,ljanaudk6@zimbio.com,108.75.138.121
728,Zak,Brazer,zbrazerk7@mtv.com,136.25.184.211
729,Horace,Penk,hpenkk8@joomla.org,189.9.21.202
730,Xylina,Feak,xfeakk9@technorati.com,222.63.79.110
731,Rheta,Navarijo,rnavarijoka@qq.com,37.50.243.28
732,Dorelle,Cicconetti,dcicconettikb@skyrock.com,209.241.221.195
733,Gigi,Found,gfoundkc@nature.com,27.122.225.227
734,Clementine,Overland,coverlandkd@aol.com,89.151.86.83
735,Sinclare,Rome,sromeke@nymag.com,107.240.218.74
736,Jeniffer,De La Haye,jdelahayekf@skyrock.com,129.116.226.110
737,Dannel,Cockney,dcockneykg@youtube.com,111.101.188.168
738,Patin,Tibols,ptibolskh@typepad.com,34.8.202.132
739,Magdalene,Pardi,mpardiki@salon.com,2.120.90.60
740,Bettine,Chasle,bchaslekj@unicef.org,255.149.226.254
741,Silvio,Mullard,smullardkk@youku.com,102.236.229.252
742,Patten,Hovey,phoveykl@ucoz.ru,64.46.253.154
743,Carissa,Cromar,ccromarkm@g.co,80.250.115.103
744,Beltran,Blues,bblueskn@blogtalkradio.com,197.254.41.179
745,Ede,Nowaczyk,enowaczykko@marriott.com,188.18.45.71
746,Hurleigh,Blankett,hblankettkp@issuu.com,25.220.220.232
747,Ermin,Minger,emingerkq@auda.org.au,44.180.41.200
748,Caro,Brunsden,cbrunsdenkr@rambler.ru,196.209.81.65
749,Ginelle,Stoffersen,gstoffersenks@studiopress.com,137.4.117.194
750,Teador,Swaddle,tswaddlekt@delicious.com,48.130.233.18
751,Georgine,Dyson,gdysonku@deliciousdays.com,123.56.98.43
752,Sheri,Wooff,swooffkv@google.ru,220.62.52.74
753,Nara,D'Oyly,ndoylykw@fastcompany.com,221.192.119.83
754,Doe,Orridge,dorridgekx@scientificamerican.com,23.79.54.191
755,Debby,Martineau,dmartineauky@seattletimes.com,187.159.230.47
756,Abigale,Pressman,apressmankz@phpbb.com,140.95.133.141
757,Wilburt,Hacun,whacunl0@canalblog.com,109.241.70.40
758,Percy,Mila,pmilal1@ted.com,11.72.76.248
759,Deina,Fernandez,dfernandezl2@blogger.com,20.87.178.37
760,Chelsae,Sayers,csayersl3@flickr.com,155.5.97.61
761,Colette,Vynall,cvynalll4@marriott.com,135.154.29.222
762,Nedi,Shevlin,nshevlinl5@cargocollective.com,111.107.229.108
763,Gretchen,Lamshead,glamsheadl6@cisco.com,96.184.115.81
764,Bondy,Daddow,bdaddowl7@mtv.com,146.160.63.189
765,Jemie,Oleshunin,joleshuninl8@shop-pro.jp,194.88.199.60
766,Veronika,Yukhnin,vyukhninl9@1688.com,165.20.103.44
767,Charlot,Rubanenko,crubanenkola@buzzfeed.com,166.184.144.120
768,Fredericka,Itzkovich,fitzkovichlb@oracle.com,112.221.199.24
769,Raynard,Parsall,rparsalllc@scientificamerican.com,223.203.10.8
770,Tilly,Bittlestone,tbittlestoneld@mozilla.org,248.70.27.204
771,Mickey,McCaig,mmccaigle@posterous.com,234.34.35.50
772,Selig,Botley,sbotleylf@ibm.com,82.80.244.70
773,Urbanus,Blacker,ublackerlg@mit.edu,225.30.56.94
774,Andra,Wilkins,awilkinslh@fda.gov,61.239.188.200
775,Wilhelmine,MacAscaidh,wmacascaidhli@uol.com.br,122.84.83.89
776,Romonda,Caret,rcaretlj@opensource.org,179.71.57.24
777,Norma,Yetts,nyettslk@zdnet.com,78.55.39.143
778,Dagny,MacCawley,dmaccawleyll@nih.gov,113.79.100.64
779,Peggie,Colquit,pcolquitlm@nsw.gov.au,21.139.34.233
780,Bayard,Wingate,bwingateln@cdbaby.com,78.35.47.3
781,Leicester,Nusche,lnuschelo@wikia.com,93.190.121.2
782,Maxine,Outright,moutrightlp@psu.edu,150.120.130.12
783,Ingra,Darrington,idarringtonlq@tmall.com,2.151.160.92
784,Adolphus,Finicj,afinicjlr@bizjournals.com,95.171.250.253
785,Leeann,Gulley,lgulleyls@businesswire.com,209.37.247.169
786,Larina,Bomfield,lbomfieldlt@blinklist.com,32.42.58.108
787,Galina,Mallinar,gmallinarlu@nydailynews.com,80.226.209.89
788,Haley,Bessant,hbessantlv@miibeian.gov.cn,189.115.92.41
789,Nealon,Pardie,npardielw@comsenz.com,155.77.218.12
790,Randene,Wolfe,rwolfelx@myspace.com,229.40.55.242
791,Pam,Excell,pexcellly@opera.com,32.2.187.137
792,Carmon,Cowen,ccowenlz@free.fr,45.79.77.21
793,Ruth,Pawson,rpawsonm0@merriam-webster.com,222.60.251.245
794,Wald,Sterry,wsterrym1@weebly.com,201.101.87.153
795,Kacy,Kitcat,kkitcatm2@eventbrite.com,250.136.45.230
796,Demetra,Smail,dsmailm3@columbia.edu,157.187.51.246
797,Raffaello,Everitt,reverittm4@dailymotion.com,125.58.0.242
798,Heloise,Nowick,hnowickm5@zimbio.com,52.58.141.60
799,Brose,Lonie,bloniem6@pcworld.com,89.244.61.68
800,Krisha,Guille,kguillem7@w3.org,133.210.144.180
801,Nolly,Stede,nstedem8@clickbank.net,76.114.20.110
802,Derwin,Everist,deveristm9@qq.com,222.66.213.93
803,Kelila,Tomkowicz,ktomkowiczma@fc2.com,15.231.250.129
804,Simon,Pennell,spennellmb@foxnews.com,88.156.228.82
805,Bathsheba,Melland,bmellandmc@reverbnation.com,142.244.179.116
806,Jobi,Klimentov,jklimentovmd@sfgate.com,221.148.127.22
807,Devonna,Maycey,dmayceyme@newyorker.com,240.203.9.222
808,Violante,Keld,vkeldmf@vimeo.com,166.18.33.209
809,Mac,Jaspar,mjasparmg@bizjournals.com,86.190.109.119
810,Daphna,Scarbarrow,dscarbarrowmh@infoseek.co.jp,113.43.8.233
811,Witty,Chominski,wchominskimi@ftc.gov,35.245.115.218
812,Bastien,Choppin,bchoppinmj@tinyurl.com,69.149.186.166
813,Quintana,Eddleston,qeddlestonmk@census.gov,137.165.167.108
814,Orlando,Wivell,owivellml@msu.edu,118.53.174.74
815,Bethina,Greenshields,bgreenshieldsmm@army.mil,103.208.70.74
816,Lisabeth,O' Driscoll,lodriscollmn@latimes.com,70.73.9.251
817,Bernadina,Scaife,bscaifemo@wordpress.com,77.127.26.21
818,Blinnie,Scotchbourouge,bscotchbourougemp@oaic.gov.au,64.37.203.160
819,Heddi,Geram,hgerammq@dailymotion.com,4.1.241.237
820,Bibi,Gurry,bgurrymr@vimeo.com,64.155.215.223
821,Rowney,Mulqueen,rmulqueenms@wikispaces.com,27.166.1.129
822,Jeffie,Chanson,jchansonmt@dailymotion.com,220.174.184.134
823,Lammond,Ewin,lewinmu@jimdo.com,167.211.107.125
824,Isadora,Prattin,iprattinmv@bandcamp.com,30.128.134.177
825,Christal,Sandwith,csandwithmw@wikipedia.org,129.49.55.97
826,Veronica,Littler,vlittlermx@goo.ne.jp,135.113.170.42
827,Rois,Cowland,rcowlandmy@plala.or.jp,153.230.2.168
828,Katee,Keunemann,kkeunemannmz@sohu.com,37.133.14.215
829,Vivyan,Bradshaw,vbradshawn0@princeton.edu,9.218.217.10
830,Ashlin,Rodie,arodien1@shop-pro.jp,143.3.102.232
831,Skell,Hambrook,shambrookn2@ebay.co.uk,100.26.55.134
832,Marchall,Emsden,memsdenn3@fda.gov,253.190.9.53
833,Mylo,Drable,mdrablen4@ezinearticles.com,33.167.16.172
834,Richard,Gemmill,rgemmilln5@homestead.com,150.189.74.20
835,Sabrina,Kubczak,skubczakn6@newsvine.com,241.248.11.187
836,Francisco,Pawelek,fpawelekn7@smugmug.com,179.83.198.239
837,Niki,Grono,ngronon8@meetup.com,51.178.11.236
838,Laureen,Garza,lgarzan9@businesswire.com,122.32.135.53
839,Skipp,Barthod,sbarthodna@fc2.com,81.204.46.159
840,Kary,Vasnetsov,kvasnetsovnb@tmall.com,156.165.249.37
841,Lily,Gloyens,lgloyensnc@ustream.tv,169.176.136.33
842,Gerardo,Vynarde,gvynardend@princeton.edu,41.136.164.20
843,Datha,Dunniom,ddunniomne@jalbum.net,71.31.136.190
844,Rudyard,Coggen,rcoggennf@goo.gl,114.131.113.167
845,Myranda,Hasloch,mhaslochng@booking.com,223.43.27.53
846,Nalani,Wimpenny,nwimpennynh@nbcnews.com,113.151.205.109
847,Eugenio,Crispin,ecrispinni@arizona.edu,13.171.164.152
848,Howard,Sander,hsandernj@infoseek.co.jp,88.143.156.11
849,Ambrosio,Zylberdik,azylberdiknk@usnews.com,162.149.194.239
850,Brand,Giggie,bgiggienl@flickr.com,124.209.104.119
851,Kristyn,Sancraft,ksancraftnm@independent.co.uk,215.77.94.39
852,Quentin,Stopper,qstoppernn@last.fm,35.159.240.183
853,Merrill,Haucke,mhauckeno@ehow.com,33.192.79.34
854,Nonna,Pandey,npandeynp@google.cn,24.8.179.56
855,Alexandr,Gorcke,agorckenq@jiathis.com,32.162.117.205
856,Devinne,Dettmar,ddettmarnr@ning.com,93.48.219.29
857,Pen,Blasetti,pblasettins@ameblo.jp,105.232.46.138
858,Ross,Overil,roverilnt@clickbank.net,70.140.40.81
859,Tatiana,Warboy,twarboynu@bbc.co.uk,221.240.99.60
860,Dani,Saipy,dsaipynv@google.de,171.196.249.178
861,Chrissie,Chaimson,cchaimsonnw@homestead.com,8.222.91.217
862,Leeanne,Hume,lhumenx@senate.gov,14.131.52.152
863,Marchall,Mea,mmeany@google.co.uk,138.164.135.161
864,Lizbeth,Lochrie,llochrienz@admin.ch,7.102.82.183
865,Flemming,Berisford,fberisfordo0@abc.net.au,125.174.230.153
866,Bert,Nichol,bnicholo1@wiley.com,250.94.133.252
867,Kris,Dudhill,kdudhillo2@sbwire.com,212.137.68.199
868,Francene,Rotham,frothamo3@cnet.com,248.243.149.41
869,Glen,Collington,gcollingtono4@ask.com,95.88.223.198
870,Romonda,Top,rtopo5@wp.com,130.130.9.228
871,Selma,Hariot,sharioto6@columbia.edu,91.67.43.60
872,Dael,Voak,dvoako7@macromedia.com,150.122.96.197
873,Jacinta,Balasin,jbalasino8@flavors.me,18.189.188.89
874,Kylila,Bemand,kbemando9@nhs.uk,79.198.136.115
875,Bancroft,Erbain,berbainoa@tinyurl.com,163.151.167.4
876,Christopher,Lowther,clowtherob@mapy.cz,221.108.189.116
877,Kariotta,McBeth,kmcbethoc@whitehouse.gov,73.219.191.43
878,Daveta,Hammond,dhammondod@rakuten.co.jp,176.54.217.21
879,Aylmar,Crutchley,acrutchleyoe@cam.ac.uk,172.88.246.232
880,Marty,Wardhough,mwardhoughof@linkedin.com,190.183.26.233
881,Nelia,Bruckner,nbrucknerog@devhub.com,12.53.17.209
882,Ramonda,Bidgood,rbidgoodoh@nymag.com,206.239.167.111
883,Randal,Knevit,rknevitoi@last.fm,227.195.67.119
884,Rochell,Dovinson,rdovinsonoj@goo.ne.jp,79.82.161.42
885,Gene,Baake,gbaakeok@google.ru,89.207.249.142
886,Ricardo,Pettet,rpettetol@a8.net,56.218.45.159
887,Whitman,Spellicy,wspellicyom@apple.com,188.104.126.55
888,Keely,Pepon,kpeponon@examiner.com,177.105.196.199
889,Neille,Davidovsky,ndavidovskyoo@altervista.org,39.102.43.176
890,Paulie,Reisin,preisinop@fema.gov,15.249.199.35
891,Sapphire,Tills,stillsoq@flickr.com,48.115.36.216
892,Bettine,Lassetter,blassetteror@prnewswire.com,162.199.231.223
893,Carmelita,Beckinsall,cbeckinsallos@nature.com,114.20.28.190
894,Rianon,Grzelak,rgrzelakot@jiathis.com,5.150.207.69
895,Staffard,Goolding,sgooldingou@usda.gov,207.52.54.103
896,Page,Kittle,pkittleov@shutterfly.com,84.77.46.133
897,Josselyn,Arunowicz,jarunowiczow@friendfeed.com,180.34.123.112
898,Merci,Lunge,mlungeox@oracle.com,99.101.57.93
899,Lorena,Pursehouse,lpursehouseoy@sohu.com,143.50.162.152
900,Leia,Stuckey,lstuckeyoz@loc.gov,127.152.187.120
901,Farah,Jarry,fjarryp0@gnu.org,61.172.162.91
902,Carissa,Chiene,cchienep1@nifty.com,180.162.75.199
903,York,Pocklington,ypocklingtonp2@mit.edu,84.168.126.158
904,Lyle,Lorand,llorandp3@prlog.org,169.103.192.132
905,Salem,Terne,sternep4@nature.com,255.172.150.79
906,Ludwig,Haverty,lhavertyp5@paypal.com,127.38.102.37
907,Olimpia,Dmitrievski,odmitrievskip6@tripod.com,37.60.31.51
908,Franny,Ofer,foferp7@scientificamerican.com,83.15.25.27
909,Eleanora,Downer,edownerp8@twitter.com,86.182.163.239
910,Joe,Le Floch,jleflochp9@nationalgeographic.com,243.40.5.175
911,Ericka,McChesney,emcchesneypa@about.com,58.127.122.147
912,Ajay,Allington,aallingtonpb@mashable.com,68.89.121.167
913,Rogerio,Winslade,rwinsladepc@goo.gl,122.56.233.203
914,Gay,Accombe,gaccombepd@cyberchimps.com,153.133.48.216
915,Cornelle,Teggin,ctegginpe@cpanel.net,20.113.18.41
916,Janetta,Favela,jfavelapf@mail.ru,123.10.131.209
917,Catie,Jacobowicz,cjacobowiczpg@unesco.org,144.184.110.153
918,Uriah,Yurivtsev,uyurivtsevph@t-online.de,52.217.28.125
919,Gaspard,Dayce,gdaycepi@etsy.com,181.143.105.173
920,Darb,Dominicacci,ddominicaccipj@desdev.cn,112.10.199.117
921,Arlin,Denzilow,adenzilowpk@google.co.jp,139.188.195.157
922,Nickolai,Dolohunty,ndolohuntypl@china.com.cn,163.175.73.119
923,Aldridge,Dyster,adysterpm@hc360.com,132.91.140.18
924,Rayner,Shippard,rshippardpn@unicef.org,77.42.251.77
925,Barty,Ethington,bethingtonpo@4shared.com,166.157.199.4
926,Humfrey,Warwicker,hwarwickerpp@godaddy.com,213.50.233.113
927,Ephraim,Lemmens,elemmenspq@miibeian.gov.cn,227.87.17.10
928,Jeramey,Dahill,jdahillpr@yellowpages.com,67.5.73.31
929,Garrick,Bilston,gbilstonps@usa.gov,4.66.211.70
930,Whittaker,Uvedale,wuvedalept@feedburner.com,92.8.93.205
931,Cornelius,McGunley,cmcgunleypu@timesonline.co.uk,114.196.1.22
932,Justinn,De Cruz,jdecruzpv@taobao.com,150.57.229.15
933,Heida,Pregal,hpregalpw@miitbeian.gov.cn,85.251.44.253
934,Chuck,Osan,cosanpx@dot.gov,173.119.150.214
935,Burk,Hemphill,bhemphillpy@lycos.com,158.238.178.222
936,Tedie,MacRury,tmacrurypz@unicef.org,197.60.239.91
937,Louisette,Boldry,lboldryq0@blogtalkradio.com,241.36.2.166
938,Gerti,Keneforde,gkenefordeq1@gravatar.com,203.68.158.110
939,Vicky,Kearford,vkearfordq2@ibm.com,6.107.198.63
940,Mechelle,Kynoch,mkynochq3@blinklist.com,195.91.164.223
941,Dinny,Ferreira,dferreiraq4@wp.com,27.26.196.71
942,Issie,Heers,iheersq5@google.es,223.73.215.241
943,Ammamaria,Swainston,aswainstonq6@nyu.edu,247.164.212.87
944,Gherardo,Coulthart,gcoulthartq7@exblog.jp,87.54.157.143
945,Merilyn,Smaleman,msmalemanq8@geocities.com,1.57.233.136
946,Lucinda,Donegan,ldoneganq9@mozilla.com,77.195.236.11
947,Cathrin,Gerlack,cgerlackqa@pen.io,195.124.255.43
948,Freddie,Perico,fpericoqb@domainmarket.com,25.108.37.133
949,Mae,Likely,mlikelyqc@hexun.com,167.158.138.0
950,Devondra,Drewery,ddreweryqd@1und1.de,147.217.163.46
951,Karleen,Darling,kdarlingqe@moonfruit.com,22.176.201.24
952,Rikki,Hercules,rherculesqf@hostgator.com,247.8.176.63
953,Linet,Clackson,lclacksonqg@omniture.com,57.191.4.22
954,Venus,Jocelyn,vjocelynqh@taobao.com,184.170.131.158
955,Lil,Spencley,lspencleyqi@livejournal.com,18.255.197.222
956,Atalanta,Windaybank,awindaybankqj@deviantart.com,106.176.137.218
957,Jolie,Brader,jbraderqk@earthlink.net,94.237.25.204
958,Ilse,Isakowicz,iisakowiczql@google.it,151.53.229.96
959,Dareen,Fedynski,dfedynskiqm@acquirethisname.com,241.113.9.203
960,Lazaro,Birdall,lbirdallqn@exblog.jp,164.209.48.103
961,Mathias,Ormonde,mormondeqo@bbb.org,232.12.151.33
962,Arthur,Cunde,acundeqp@imageshack.us,166.245.117.46
963,Valentina,Strutz,vstrutzqq@globo.com,57.68.137.242
964,Zachary,Misselbrook,zmisselbrookqr@apple.com,67.28.132.70
965,Bent,Tchaikovsky,btchaikovskyqs@hhs.gov,20.175.59.210
966,Flory,Handes,fhandesqt@a8.net,167.3.138.123
967,Micky,Treacher,mtreacherqu@goo.ne.jp,146.34.130.240
968,Ginger,Antonazzi,gantonazziqv@biblegateway.com,173.131.115.248
969,Abey,Kinver,akinverqw@house.gov,205.228.40.120
970,Winna,Mullin,wmullinqx@mit.edu,253.150.255.58
971,Francene,Poulgreen,fpoulgreenqy@bizjournals.com,11.138.185.33
972,Chanda,Savin,csavinqz@acquirethisname.com,30.27.4.37
973,Gustavo,Alexsandrowicz,galexsandrowiczr0@e-recht24.de,211.234.138.185
974,Laird,Bortolutti,lbortoluttir1@e-recht24.de,6.119.164.59
975,Justine,Chaman,jchamanr2@topsy.com,140.70.39.215
976,Cristin,Slay,cslayr3@usa.gov,27.171.25.186
977,Rosalinda,Upstell,rupstellr4@usgs.gov,32.154.181.150
978,Siana,Blyden,sblydenr5@mediafire.com,56.132.3.199
979,Vivianna,Grealish,vgrealishr6@wikipedia.org,203.38.74.67
980,Cary,Featenby,cfeatenbyr7@addthis.com,17.243.67.38
981,Christal,Conichie,cconichier8@cocolog-nifty.com,80.89.106.139
982,Merrill,Canadas,mcanadasr9@topsy.com,21.60.125.148
983,Clay,Piggrem,cpiggremra@1und1.de,126.169.175.117
984,Hadlee,Le Moucheux,hlemoucheuxrb@seesaa.net,246.42.21.100
985,Nikolia,Huzzay,nhuzzayrc@hud.gov,24.82.28.141
986,Pernell,Brosh,pbroshrd@wufoo.com,5.71.83.59
987,Lorri,Tolworthy,ltolworthyre@google.it,93.100.184.43
988,Augustine,Hebron,ahebronrf@deviantart.com,120.210.234.128
989,Averell,Arkil,aarkilrg@berkeley.edu,140.185.253.63
990,Lyssa,Rosencrantz,lrosencrantzrh@ucsd.edu,136.49.141.177
991,Gui,Brognot,gbrognotri@godaddy.com,82.175.29.133
992,Gabriele,Templeton,gtempletonrj@cornell.edu,233.160.15.44
993,Adah,Camosso,acamossork@bravesites.com,31.68.77.235
994,Burke,Kowalik,bkowalikrl@dropbox.com,38.139.13.222
995,Genia,Loveredge,gloveredgerm@photobucket.com,209.182.247.238
996,Tracie,Werner,twernerrn@github.com,65.183.180.144
997,Simmonds,Ledeker,sledekerro@china.com.cn,237.225.15.94
998,Gladys,Roskilly,groskillyrp@devhub.com,219.119.147.91
999,Sophia,Linfield,slinfieldrq@soundcloud.com,150.213.27.165
1000,Arda,Knibb,aknibbrr@deliciousdays.com,154.170.216.33
