id,first_name,last_name,email,ip_address
1,Tammie,Stentiford,tstentiford0@uol.com.br,92.108.209.230
2,Kaleena,Adair,kadair1@mit.edu,199.52.116.143
3,Corrinne,McVeigh,cmcveigh2@liveinternet.ru,111.91.151.147
4,Mellicent,Cottee,mcottee3@angelfire.com,255.35.36.142
5,Teddie,Pecht,tpecht4@livejournal.com,98.176.27.174
6,Renell,Gittens,rgittens5@berkeley.edu,71.89.117.16
7,Kym,Caile,kcaile6@booking.com,228.105.134.68
8,Antonia,Whyffen,awhyffen7@yale.edu,181.95.26.50
9,Rachael,Pellett,rpellett8@issuu.com,52.166.135.101
10,Isaak,Stoodale,istoodale9@loc.gov,168.49.218.200
11,Julienne,Eakens,jeakensa@dailymotion.com,150.92.248.121
12,Lonny,Ferrarello,lferrarellob@slashdot.org,101.106.148.128
13,Nata,Gutch,ngutchc@earthlink.net,177.78.234.235
14,Bellanca,Domb,bdombd@weebly.com,101.105.125.244
15,Olia,Sellek,oselleke@mozilla.org,157.96.52.251
16,Hasheem,Dunan,hdunanf@uol.com.br,96.110.177.62
17,Adena,Jarrad,ajarradg@cnet.com,218.1.221.11
18,Collette,Beagles,cbeaglesh@pagesperso-orange.fr,104.59.84.177
19,Sergent,Lesslie,slessliei@marriott.com,206.155.239.221
20,Stanwood,McPhater,smcphaterj@zdnet.com,221.236.224.99
21,Marris,MacTrustie,mmactrustiek@reuters.com,173.108.89.72
22,Matti,Lammin,mlamminl@chronoengine.com,145.173.70.246
23,Stanton,Mehaffey,smehaffeym@jimdo.com,154.206.5.255
24,Ivan,Khan,ikhann@wordpress.com,189.235.115.112
25,Nan,Kleinstern,nkleinsterno@networksolutions.com,217.177.2.241
26,Grata,Line,glinep@sun.com,37.4.214.255
27,Tibold,Peete,tpeeteq@surveymonkey.com,219.147.42.92
28,Sammie,Mithun,smithunr@hhs.gov,211.131.208.221
29,Neils,Braniff,nbraniffs@goo.ne.jp,194.176.114.154
30,Geoffry,Wardroper,gwardropert@nationalgeographic.com,47.161.83.244
31,Feodor,Gosneye,fgosneyeu@guardian.co.uk,184.74.157.56
32,Rubi,Tressler,rtresslerv@quantcast.com,218.82.53.34
33,Rudolf,Dahlback,rdahlbackw@istockphoto.com,186.60.29.246
34,Gertie,Palle,gpallex@miibeian.gov.cn,11.64.170.254
35,Monika,Lanchester,mlanchestery@psu.edu,102.99.16.181
36,Julee,Ivakin,jivakinz@oakley.com,64.169.7.234
37,Almeta,Adriano,aadriano10@sakura.ne.jp,1.67.44.2
38,Marietta,Broune,mbroune11@tuttocitta.it,251.179.84.246
39,Harmony,Jessen,hjessen12@wikipedia.org,186.70.135.123
40,Robina,Bratt,rbratt13@deviantart.com,215.221.12.168
41,Dyana,Knocker,dknocker14@cpanel.net,150.103.9.241
42,Delia,O'Connel,doconnel15@netscape.com,164.190.169.216
43,Nathalia,Lowmass,nlowmass16@comsenz.com,186.51.97.226
44,Quinlan,Rapelli,qrapelli17@un.org,41.37.69.146
45,Jacintha,Prinne,jprinne18@marketwatch.com,176.47.225.68
46,Dugald,Sercombe,dsercombe19@cbsnews.com,118.100.187.16
47,Aurore,Vlasenko,avlasenko1a@merriam-webster.com,167.193.210.101
48,Melvin,Miskin,mmiskin1b@dedecms.com,131.40.110.13
49,Martina,Trattles,mtrattles1c@google.com,152.112.32.232
50,Jacqui,Horsfield,jhorsfield1d@va.gov,185.137.135.160
51,Farra,Zapater,fzapater1e@fastcompany.com,8.110.14.152
52,Zelig,Dulany,zdulany1f@instagram.com,241.35.84.148
53,Merwin,Ridewood,mridewood1g@163.com,31.107.67.70
54,Corry,Wheelband,cwheelband1h@prweb.com,106.166.57.70
55,Nick,Longworth,nlongworth1i@4shared.com,250.31.214.44
56,Donall,Schenkel,dschenkel1j@redcross.org,52.184.75.212
57,Codie,Burree,cburree1k@accuweather.com,239.129.255.121
58,Octavia,Longcaster,olongcaster1l@live.com,160.40.154.119
59,Mallorie,Brommage,mbrommage1m@patch.com,184.20.211.155
60,Sibylla,Walding,swalding1n@baidu.com,203.17.17.222
61,Stevena,Tupman,stupman1o@amazonaws.com,185.208.0.34
62,Amandie,Cheng,acheng1p@independent.co.uk,140.248.25.209
63,Fred,Ipsley,fipsley1q@unesco.org,245.85.195.159
64,Oralla,Birtchnell,obirtchnell1r@techcrunch.com,86.234.220.248
65,Sadye,Spencook,sspencook1s@redcross.org,236.113.232.94
66,Elinore,Gain,egain1t@hhs.gov,73.210.211.61
67,Montague,Witherup,mwitherup1u@admin.ch,115.0.1.161
68,Nial,Cousans,ncousans1v@europa.eu,141.38.74.236
69,Lizzy,Gayton,lgayton1w@dedecms.com,47.252.222.98
70,Karol,Willerstone,kwillerstone1x@psu.edu,8.225.182.33
71,Agnella,Garraway,agarraway1y@msu.edu,236.206.195.191
72,Carena,Rannald,crannald1z@wikispaces.com,148.176.131.19
73,Derry,Kleinstern,dkleinstern20@purevolume.com,174.233.47.255
74,Daniel,McCaughran,dmccaughran21@wufoo.com,192.18.197.89
75,Herculie,Skade,hskade22@nyu.edu,105.4.14.64
76,Elias,Fayre,efayre23@blinklist.com,220.62.8.35
77,Emiline,Haggith,ehaggith24@epa.gov,186.111.135.246
78,Shirley,Sertin,ssertin25@ftc.gov,97.169.4.48
79,Amye,Fines,afines26@deliciousdays.com,63.232.217.56
80,Robinette,Roggero,rroggero27@timesonline.co.uk,199.104.28.58
81,Marie-ann,Paylie,mpaylie28@360.cn,83.24.200.100
82,Shea,Stearndale,sstearndale29@va.gov,108.84.228.149
83,Timotheus,Mortell,tmortell2a@washingtonpost.com,96.183.43.81
84,Mitchell,Haskew,mhaskew2b@uiuc.edu,107.101.221.147
85,Isaak,Rothera,irothera2c@studiopress.com,40.120.186.105
86,Milt,Reany,mreany2d@last.fm,122.146.63.103
87,Ollie,Wagg,owagg2e@netscape.com,62.152.204.139
88,Edithe,Tommen,etommen2f@shinystat.com,189.29.26.7
89,Freda,Witton,fwitton2g@ifeng.com,23.107.64.35
90,Elayne,Ayris,eayris2h@reference.com,255.212.233.170
91,Daryl,Burhill,dburhill2i@baidu.com,192.241.40.16
92,Hunfredo,Twomey,htwomey2j@nydailynews.com,227.85.220.242
93,Mady,Brockbank,mbrockbank2k@cocolog-nifty.com,232.240.60.86
94,Udall,Smees,usmees2l@chronoengine.com,208.190.88.247
95,Tore,Ritelli,tritelli2m@ask.com,75.214.101.90
96,Deana,Hansley,dhansley2n@com.com,134.58.154.22
97,Camey,Rasher,crasher2o@geocities.com,61.137.27.15
98,Shurlocke,Othick,sothick2p@google.pl,113.43.166.31
99,Celie,Warsop,cwarsop2q@cnet.com,211.4.247.132
100,Veradis,Tiffany,vtiffany2r@purevolume.com,169.141.227.198
101,Sofie,Geill,sgeill2s@pen.io,28.210.242.54
102,Gwenora,Skones,gskones2t@forbes.com,122.70.29.21
103,Leodora,Streetley,lstreetley2u@cbsnews.com,34.93.170.220
104,Boris,Westwell,bwestwell2v@friendfeed.com,57.14.55.138
105,Jasmine,Aikin,jaikin2w@usa.gov,211.99.177.112
106,Leta,Liffey,lliffey2x@wix.com,173.21.177.170
107,Matilde,Hales,mhales2y@tumblr.com,86.44.207.74
108,Suzette,Yeates,syeates2z@g.co,254.234.52.125
109,Taffy,Abbis,tabbis30@desdev.cn,82.106.48.196
110,Dillie,Cammidge,dcammidge31@cnet.com,253.21.132.46
111,Salim,Ronci,sronci32@home.pl,129.92.47.172
112,Gabriella,Spottiswoode,gspottiswoode33@msu.edu,246.57.75.148
113,Xena,Sirmon,xsirmon34@yahoo.co.jp,113.118.246.233
114,Wilmer,Guslon,wguslon35@vistaprint.com,254.126.230.173
115,Chrisse,Gain,cgain36@dell.com,92.22.250.121
116,Wilone,Gaymar,wgaymar37@drupal.org,167.70.85.60
117,Benedikta,Cristofalo,bcristofalo38@cargocollective.com,125.144.134.180
118,Brandie,Ride,bride39@ca.gov,75.24.209.231
119,Beverley,Ambrogelli,bambrogelli3a@elpais.com,0.215.245.117
120,Antonina,Gianuzzi,agianuzzi3b@mysql.com,151.142.144.167
121,Konstance,Bagot,kbagot3c@scientificamerican.com,93.112.100.34
122,Kass,Hegarty,khegarty3d@tiny.cc,46.248.128.171
123,Reg,Burkwood,rburkwood3e@noaa.gov,155.103.13.147
124,Charmian,Haukey,chaukey3f@slideshare.net,116.22.90.97
125,Kori,Askew,kaskew3g@dmoz.org,168.20.243.213
126,La verne,Brownscombe,lbrownscombe3h@sfgate.com,23.192.217.175
127,Fredelia,Waldie,fwaldie3i@tripod.com,69.51.129.91
128,Emmaline,Tremollet,etremollet3j@barnesandnoble.com,167.176.174.171
129,Marcela,Bushaway,mbushaway3k@google.de,107.223.141.253
130,Kathlin,Aspin,kaspin3l@topsy.com,228.165.247.235
131,Padriac,O'Halligan,pohalligan3m@shareasale.com,21.200.203.45
132,Keith,Putt,kputt3n@biglobe.ne.jp,202.204.4.205
133,Gabby,Huet,ghuet3o@wikia.com,100.195.168.185
134,Filbert,Cow,fcow3p@theglobeandmail.com,241.85.185.111
135,Ringo,Shinfield,rshinfield3q@about.com,217.17.128.7
136,Kelby,Currm,kcurrm3r@lulu.com,253.227.251.112
137,Jessey,Perfili,jperfili3s@skype.com,60.78.31.196
138,Gherardo,Goldberg,ggoldberg3t@cmu.edu,141.61.185.96
139,Gael,Westall,gwestall3u@angelfire.com,218.136.192.114
140,Kalle,Dossantos,kdossantos3v@unc.edu,228.201.30.118
141,Samantha,Finlason,sfinlason3w@cisco.com,106.81.74.56
142,Lucilia,Von Der Empten,lvonderempten3x@mayoclinic.com,1.62.38.179
143,Coreen,Gamell,cgamell3y@usatoday.com,198.243.81.26
144,Hussein,Broune,hbroune3z@mlb.com,149.245.23.130
145,Rolf,Erangey,rerangey40@reverbnation.com,178.120.167.93
146,Ray,Huckster,rhuckster41@about.com,203.219.201.210
147,Yasmin,Freathy,yfreathy42@cmu.edu,98.54.118.176
148,Hanna,Spadazzi,hspadazzi43@yolasite.com,52.193.162.117
149,Beatriz,Sheal,bsheal44@globo.com,108.154.248.64
150,Thatch,Mounfield,tmounfield45@eventbrite.com,37.50.138.46
151,Berton,Newnham,bnewnham46@toplist.cz,191.186.21.189
152,Drucill,Huntingdon,dhuntingdon47@cnet.com,176.76.64.50
153,Valentia,Skyner,vskyner48@studiopress.com,11.69.88.236
154,Townsend,Tures,ttures49@si.edu,242.249.162.157
155,Niel,Derrell,nderrell4a@gmpg.org,143.137.137.171
156,Wilek,MacMakin,wmacmakin4b@google.com.br,72.142.240.148
157,Toddie,Emons,temons4c@creativecommons.org,18.150.41.74
158,Kinsley,McIvor,kmcivor4d@home.pl,159.25.90.17
159,Ashley,Sloegrave,asloegrave4e@google.ru,90.106.244.219
160,Madel,Feavyour,mfeavyour4f@instagram.com,121.41.139.100
161,Sawyer,Nelthorp,snelthorp4g@goo.gl,202.193.69.136
162,Brooke,Kinghorn,bkinghorn4h@mysql.com,77.5.60.211
163,Ivonne,Semorad,isemorad4i@google.it,217.42.27.106
164,Melony,Jorn,mjorn4j@cnbc.com,216.216.148.219
165,Belinda,Forward,bforward4k@so-net.ne.jp,223.100.240.31
166,Janice,Foxley,jfoxley4l@elpais.com,182.166.251.200
167,Irene,Shingler,ishingler4m@theatlantic.com,47.73.79.11
168,Leandra,Furmedge,lfurmedge4n@woothemes.com,148.108.191.215
169,Darb,Borham,dborham4o@cisco.com,158.179.7.189
170,Granger,Rubes,grubes4p@deviantart.com,35.203.166.33
171,Moria,Garett,mgarett4q@nifty.com,188.85.47.93
172,Fay,Rivett,frivett4r@reverbnation.com,85.7.180.5
173,Brantley,Traise,btraise4s@yale.edu,142.103.91.113
174,Harris,Roistone,hroistone4t@npr.org,74.215.220.165
175,Beckie,Stathers,bstathers4u@hugedomains.com,159.69.142.82
176,Cate,Lamboll,clamboll4v@printfriendly.com,208.214.14.131
177,Joela,Fieldsend,jfieldsend4w@nymag.com,158.226.83.250
178,Chicky,Bensley,cbensley4x@google.com.hk,73.161.11.221
179,Carmella,Sket,csket4y@cam.ac.uk,109.104.252.64
180,Rosabella,Iacobassi,riacobassi4z@tuttocitta.it,46.184.200.146
181,Sergent,Duchenne,sduchenne50@biglobe.ne.jp,244.110.191.37
182,Thain,Mangin,tmangin51@adobe.com,116.178.143.65
183,Buck,Zotto,bzotto52@unc.edu,187.105.113.119
184,Simon,Batts,sbatts53@reverbnation.com,163.239.17.125
185,Ingelbert,Linley,ilinley54@wikimedia.org,251.223.64.100
186,Tamar,Arckoll,tarckoll55@mail.ru,210.62.237.38
187,Kimmie,Soulsby,ksoulsby56@weather.com,237.112.220.213
188,Costa,Dudman,cdudman57@wikipedia.org,41.180.187.28
189,Elisha,Becarra,ebecarra58@rakuten.co.jp,79.242.35.202
190,Sapphira,Edgars,sedgars59@ted.com,48.148.68.110
191,Caron,Souza,csouza5a@smugmug.com,199.72.91.182
192,Adela,Ketteridge,aketteridge5b@mtv.com,44.21.10.56
193,Teressa,Buick,tbuick5c@drupal.org,243.240.11.60
194,Shanta,Monday,smonday5d@google.es,212.73.229.160
195,Marilin,Casale,mcasale5e@cdbaby.com,21.132.104.124
196,Durward,Wrettum,dwrettum5f@joomla.org,244.124.213.227
197,Alla,Alleyne,aalleyne5g@noaa.gov,211.98.54.174
198,Bernardine,Janoch,bjanoch5h@qq.com,48.230.30.66
199,Jose,St. Quentin,jstquentin5i@tiny.cc,153.241.205.72
200,Geralda,Eldon,geldon5j@dagondesign.com,152.191.160.179
201,Lynnet,Pinniger,lpinniger5k@latimes.com,3.185.217.116
202,Evvy,Duffield,eduffield5l@cocolog-nifty.com,135.96.22.193
203,Leora,Errol,lerrol5m@prlog.org,190.16.53.95
204,Karoline,Stollard,kstollard5n@linkedin.com,34.80.116.208
205,Eolanda,Mears,emears5o@tuttocitta.it,174.72.224.206
206,Genny,MacCaughan,gmaccaughan5p@webs.com,184.14.250.73
207,Jefferson,Cahey,jcahey5q@phpbb.com,225.217.195.12
208,Janka,Gavini,jgavini5r@boston.com,174.135.140.236
209,Feliza,Tiller,ftiller5s@yellowbook.com,218.69.117.75
210,Bertina,Frome,bfrome5t@mapquest.com,144.57.1.128
211,Barron,O'Mohun,bomohun5u@miitbeian.gov.cn,41.84.64.212
212,Alyssa,Rubbens,arubbens5v@hugedomains.com,171.157.165.241
213,Arlie,Milmore,amilmore5w@wordpress.com,137.106.93.122
214,Serene,MacAlpin,smacalpin5x@ihg.com,100.61.196.160
215,Kari,Iacovielli,kiacovielli5y@noaa.gov,218.164.120.137
216,Remus,Brayshay,rbrayshay5z@who.int,37.182.143.178
217,Karissa,Beernaert,kbeernaert60@amazon.de,51.29.31.100
218,Cleon,Paver,cpaver61@wisc.edu,114.79.104.243
219,Kingsly,Waterdrinker,kwaterdrinker62@google.ru,236.155.56.66
220,Humphrey,Silk,hsilk63@istockphoto.com,243.179.113.42
221,Shanna,Mager,smager64@about.com,130.124.130.43
222,Florie,Orro,forro65@abc.net.au,154.87.188.75
223,Karie,Allcott,kallcott66@ucoz.ru,109.195.74.235
224,Rakel,Franzettoini,rfranzettoini67@flickr.com,14.249.41.139
225,Darlene,Fearey,dfearey68@rambler.ru,0.15.224.198
226,Emmalynn,Duetschens,eduetschens69@usatoday.com,58.188.41.188
227,Selle,Rottcher,srottcher6a@clickbank.net,212.10.83.138
228,Marlane,Trenoweth,mtrenoweth6b@studiopress.com,148.113.44.127
229,Edmon,Mc Caughan,emccaughan6c@bloglines.com,9.208.150.57
230,Waite,Leggat,wleggat6d@scientificamerican.com,249.160.176.183
231,Matthieu,Feitosa,mfeitosa6e@sciencedaily.com,225.219.172.180
232,Carlene,Eyden,ceyden6f@merriam-webster.com,117.245.10.205
233,Samuel,Skillington,sskillington6g@goo.gl,50.116.106.239
234,Melantha,Benediktsson,mbenediktsson6h@csmonitor.com,185.154.146.16
235,Auguste,Coldtart,acoldtart6i@msn.com,198.60.142.146
236,Josephine,De Biaggi,jdebiaggi6j@liveinternet.ru,212.138.54.27
237,Elsinore,Strangeways,estrangeways6k@taobao.com,227.207.14.212
238,Osborne,Manwell,omanwell6l@naver.com,33.201.119.105
239,Franky,Mathwen,fmathwen6m@virginia.edu,162.77.134.70
240,Basile,Jagels,bjagels6n@buzzfeed.com,171.19.237.151
241,Margo,Corre,mcorre6o@joomla.org,245.124.85.150
242,Wallie,Kempton,wkempton6p@indiegogo.com,244.91.215.52
243,Edwin,Simcox,esimcox6q@discovery.com,247.171.103.215
244,Arther,Gant,agant6r@goodreads.com,102.179.186.240
245,Melvin,Wetwood,mwetwood6s@cyberchimps.com,247.21.246.121
246,Donica,Liggens,dliggens6t@google.ru,219.76.253.175
247,Gustav,Skewes,gskewes6u@wikimedia.org,87.231.234.16
248,Matthus,Dorber,mdorber6v@utexas.edu,242.163.129.216
249,Poul,Worboys,pworboys6w@nyu.edu,126.33.111.98
250,Shena,Gomm,sgomm6x@slashdot.org,152.132.70.206
251,Dominique,Tellenbach,dtellenbach6y@lulu.com,66.46.64.15
252,Inness,Detoc,idetoc6z@yale.edu,84.16.176.101
253,Penny,Beckham,pbeckham70@cocolog-nifty.com,231.143.117.96
254,Joeann,Iston,jiston71@auda.org.au,187.139.198.84
255,Crystie,Canadas,ccanadas72@noaa.gov,123.108.243.183
256,Horten,Wreak,hwreak73@spotify.com,194.167.234.21
257,Moll,Mixer,mmixer74@ask.com,23.73.67.30
258,Leelah,Allbut,lallbut75@oaic.gov.au,225.75.109.40
259,Rae,Abramovici,rabramovici76@economist.com,182.143.254.123
260,Elane,Belcham,ebelcham77@clickbank.net,252.97.157.49
261,Darcy,Barz,dbarz78@lulu.com,239.15.58.211
262,Saxe,Limpricht,slimpricht79@sogou.com,240.196.58.86
263,Nessa,Pairpoint,npairpoint7a@soundcloud.com,100.109.17.32
264,Amargo,McMenamin,amcmenamin7b@wix.com,165.78.112.49
265,Cahra,Pull,cpull7c@google.com.hk,172.152.167.74
266,Darla,Fassman,dfassman7d@sfgate.com,50.235.168.246
267,Stanly,Witton,switton7e@youtu.be,88.138.135.234
268,Benetta,Starbeck,bstarbeck7f@mashable.com,6.159.43.8
269,Stephannie,Hilldrup,shilldrup7g@drupal.org,191.246.92.230
270,Maxwell,Martineau,mmartineau7h@marketwatch.com,204.201.205.132
271,Karalee,Whittick,kwhittick7i@eepurl.com,127.40.54.89
272,Margeaux,Armit,marmit7j@indiegogo.com,97.116.85.74
273,Mikol,Larkins,mlarkins7k@un.org,197.126.251.156
274,Isadora,Lapish,ilapish7l@cafepress.com,121.136.217.113
275,Normie,Lufkin,nlufkin7m@imageshack.us,229.75.96.235
276,Roseline,Smithend,rsmithend7n@geocities.com,147.176.184.238
277,Emanuele,Bann,ebann7o@xing.com,227.172.185.127
278,Jarrid,Gull,jgull7p@berkeley.edu,212.59.162.0
279,Lars,Weatherdon,lweatherdon7q@statcounter.com,129.82.183.37
280,Gare,Ferroli,gferroli7r@slashdot.org,114.180.11.55
281,Morgen,Sancho,msancho7s@slideshare.net,54.74.131.70
282,Zuzana,Lunnon,zlunnon7t@cocolog-nifty.com,187.3.217.41
283,Dix,Aristide,daristide7u@e-recht24.de,7.21.41.0
284,Toiboid,Biasi,tbiasi7v@washington.edu,73.250.117.129
285,Rois,Winspur,rwinspur7w@mlb.com,137.21.70.218
286,Armand,Rape,arape7x@paypal.com,100.114.28.191
287,Spencer,Yuille,syuille7y@blogs.com,210.239.24.149
288,Monroe,Atthowe,matthowe7z@yelp.com,187.54.72.196
289,Illa,Bolden,ibolden80@nhs.uk,223.36.7.140
290,Johnath,Sawell,jsawell81@people.com.cn,82.239.138.0
291,Ahmad,Pannaman,apannaman82@salon.com,172.235.93.65
292,Krispin,Winchcombe,kwinchcombe83@list-manage.com,96.182.219.45
293,Peder,Grey,pgrey84@ucsd.edu,214.247.243.218
294,Joseph,Mingay,jmingay85@joomla.org,214.160.183.177
295,Trumaine,Atwill,tatwill86@wordpress.org,180.64.25.159
296,Lillis,Bigadike,lbigadike87@naver.com,177.190.196.165
297,Ajay,Josephy,ajosephy88@apple.com,82.184.98.197
298,Salomon,Witts,switts89@example.com,97.16.52.103
299,Joshua,Danniel,jdanniel8a@pinterest.com,52.24.119.237
300,Morgan,Holdworth,mholdworth8b@cnet.com,167.25.215.144
301,Cornie,Itzkowicz,citzkowicz8c@mapy.cz,125.100.178.73
302,Louisa,Plowell,lplowell8d@reuters.com,87.221.89.141
303,Lars,McLaine,lmclaine8e@lulu.com,228.26.242.233
304,Camellia,Hargreaves,chargreaves8f@fema.gov,31.18.164.39
305,Samara,Aldrich,saldrich8g@sciencedirect.com,143.116.245.78
306,Averil,O'Glessane,aoglessane8h@squidoo.com,47.27.255.224
307,Iris,Phateplace,iphateplace8i@prweb.com,254.199.48.130
308,Raleigh,Worthington,rworthington8j@domainmarket.com,15.102.168.23
309,Dell,Alexsandrowicz,dalexsandrowicz8k@spotify.com,228.144.130.116
310,Zitella,Lacaze,zlacaze8l@unblog.fr,189.139.235.103
311,Rebekah,Meekings,rmeekings8m@amazon.co.uk,136.55.99.245
312,Linnea,Lindner,llindner8n@apple.com,12.239.144.115
313,Erminie,Hewlings,ehewlings8o@networksolutions.com,48.107.77.13
314,Carrissa,Rutherfoord,crutherfoord8p@reuters.com,10.248.181.110
315,Rickey,Teissier,rteissier8q@ca.gov,221.195.221.247
316,Bendix,Squibbes,bsquibbes8r@chicagotribune.com,26.151.246.133
317,Tommy,Carlucci,tcarlucci8s@imageshack.us,99.52.111.105
318,Agustin,Bagg,abagg8t@gov.uk,32.168.6.22
319,Sibby,Tejada,stejada8u@amazonaws.com,104.73.78.216
320,Del,Whorall,dwhorall8v@vk.com,54.181.6.231
321,Lewes,Lukasen,llukasen8w@exblog.jp,22.112.23.166
322,Herschel,Josifovic,hjosifovic8x@eepurl.com,47.75.20.221
323,Langston,Goody,lgoody8y@ow.ly,93.183.74.107
324,Skipp,Jacquet,sjacquet8z@yellowbook.com,191.248.8.127
325,Byran,Fine,bfine90@netvibes.com,79.69.200.175
326,Ethan,Williamson,ewilliamson91@w3.org,236.133.186.213
327,Ora,Isgar,oisgar92@smh.com.au,239.55.23.60
328,Chen,Gale,cgale93@hugedomains.com,110.178.151.14
329,Skylar,Shambrook,sshambrook94@nymag.com,22.19.168.236
330,Sheff,Bolesworth,sbolesworth95@buzzfeed.com,1.176.218.66
331,Marna,Greasty,mgreasty96@umn.edu,161.251.21.78
332,Scottie,Greenshiels,sgreenshiels97@vimeo.com,95.131.227.171
333,Marysa,Shorter,mshorter98@diigo.com,2.8.220.144
334,Ferris,Leather,fleather99@slashdot.org,94.68.140.165
335,Quintina,Martinek,qmartinek9a@histats.com,78.25.186.33
336,Dinah,Ricciardo,dricciardo9b@livejournal.com,202.173.38.206
337,Jock,Gasken,jgasken9c@forbes.com,76.232.62.4
338,Camella,McCunn,cmccunn9d@topsy.com,153.239.45.60
339,Charlotta,Baddiley,cbaddiley9e@sitemeter.com,84.107.58.72
340,Ruprecht,Pagden,rpagden9f@china.com.cn,21.47.47.165
341,Doroteya,Moles,dmoles9g@ucsd.edu,243.183.167.241
342,Franny,Bauchop,fbauchop9h@eepurl.com,109.120.240.230
343,Nicoline,Minnock,nminnock9i@sun.com,54.63.137.56
344,Barton,Kiloh,bkiloh9j@oracle.com,124.133.106.67
345,Calypso,Camings,ccamings9k@upenn.edu,235.208.26.228
346,Kit,Diment,kdiment9l@shop-pro.jp,81.102.177.165
347,Silvio,Hartless,shartless9m@ftc.gov,242.84.255.189
348,Livy,Escudier,lescudier9n@mail.ru,23.13.177.102
349,Morris,Pottell,mpottell9o@berkeley.edu,182.13.132.112
350,Kahaleel,Tournie,ktournie9p@github.io,226.105.220.114
351,Mickie,Wheelan,mwheelan9q@networkadvertising.org,44.168.128.5
352,Kerrie,Towsey,ktowsey9r@nationalgeographic.com,178.130.152.250
353,Ellary,Noyce,enoyce9s@xinhuanet.com,15.249.75.233
354,Joni,Steutly,jsteutly9t@google.es,4.244.165.170
355,Bogey,Bartolomeotti,bbartolomeotti9u@bbb.org,252.89.228.132
356,Valentine,Albro,valbro9v@mysql.com,109.71.210.54
357,Nara,Imison,nimison9w@hostgator.com,10.55.72.60
358,Sallyanne,Cushworth,scushworth9x@businesswire.com,217.82.124.219
359,Tiffie,Calvey,tcalvey9y@posterous.com,51.185.181.186
360,Lynde,Santry,lsantry9z@chicagotribune.com,20.4.66.194
361,Ludovika,Robilart,lrobilarta0@printfriendly.com,144.101.89.146
362,Carlynne,Gullberg,cgullberga1@google.com.br,43.207.176.186
363,Adan,Whiskin,awhiskina2@facebook.com,225.167.215.194
364,Marisa,Edbrooke,medbrookea3@ibm.com,26.133.99.8
365,Richard,Fraschini,rfraschinia4@yellowpages.com,35.32.152.212
366,Konstantin,Goare,kgoarea5@themeforest.net,229.125.150.0
367,Kayla,Hebner,khebnera6@infoseek.co.jp,66.163.250.83
368,Washington,Masson,wmassona7@arizona.edu,127.75.252.239
369,Meghan,Bestwick,mbestwicka8@e-recht24.de,107.253.23.84
370,Scarlett,Whittaker,swhittakera9@artisteer.com,213.18.188.202
371,Jeana,Guinery,jguineryaa@fotki.com,244.128.216.151
372,Sayre,Gheeorghie,sgheeorghieab@ibm.com,188.181.126.195
373,Jacklyn,Godart,jgodartac@prlog.org,42.4.170.232
374,Jaclyn,Bransden,jbransdenad@vk.com,21.79.249.39
375,Sonja,Josskowitz,sjosskowitzae@tinyurl.com,186.212.14.38
376,Ronald,Sterry,rsterryaf@who.int,167.122.182.158
377,Basilius,Lesslie,blesslieag@people.com.cn,144.44.96.208
378,Jammie,Jobes,jjobesah@ucla.edu,78.7.193.208
379,Leigha,Kilfedder,lkilfedderai@shop-pro.jp,89.167.31.2
380,Meyer,Scoggan,mscogganaj@icio.us,15.189.76.150
381,Etan,McFee,emcfeeak@ucla.edu,138.92.12.32
382,Phaidra,Risbie,prisbieal@phpbb.com,68.135.166.164
383,Bern,Bottini,bbottiniam@spiegel.de,53.83.121.166
384,Kristo,Blampey,kblampeyan@skype.com,182.52.68.205
385,Hailee,Hischke,hhischkeao@deliciousdays.com,206.198.152.220
386,Kliment,McGing,kmcgingap@washington.edu,133.45.25.148
387,Marchelle,Crosston,mcrosstonaq@networkadvertising.org,15.5.226.252
388,Claudine,Mettricke,cmettrickear@nymag.com,148.154.18.67
389,Banky,O'Bradden,bobraddenas@homestead.com,122.181.38.99
390,Kassey,Shooter,kshooterat@howstuffworks.com,162.199.155.20
391,Honor,Garn,hgarnau@moonfruit.com,84.40.107.44
392,Neddy,Bridges,nbridgesav@nsw.gov.au,249.141.98.209
393,Lily,Lorent,llorentaw@elpais.com,57.252.243.204
394,Rancell,Samudio,rsamudioax@smugmug.com,121.200.204.11
395,Monro,Walworth,mwalworthay@umich.edu,79.19.167.160
396,Tildy,Odlin,todlinaz@nymag.com,207.125.84.243
397,Marsiella,Poe,mpoeb0@sogou.com,63.50.147.239
398,Leonhard,Currier,lcurrierb1@wp.com,175.122.3.180
399,Issie,Younger,iyoungerb2@godaddy.com,160.21.235.66
400,Shirleen,Balstone,sbalstoneb3@prlog.org,19.84.36.182
401,Dave,Bullough,dbulloughb4@cocolog-nifty.com,20.141.2.45
402,Flint,Schulken,fschulkenb5@sciencedaily.com,116.3.248.172
403,Doralyn,Kleinplac,dkleinplacb6@shop-pro.jp,215.12.249.150
404,Zonnya,Dumper,zdumperb7@behance.net,5.213.26.104
405,Grady,Bedbrough,gbedbroughb8@parallels.com,59.188.255.217
406,Jesselyn,Chant,jchantb9@dailymotion.com,224.121.255.37
407,Lorie,True,ltrueba@over-blog.com,106.131.79.186
408,Corrie,Stot,cstotbb@xrea.com,214.22.150.117
409,Chrissie,Calcraft,ccalcraftbc@shop-pro.jp,125.159.34.225
410,Malanie,Chisnall,mchisnallbd@angelfire.com,93.108.77.115
411,Marsh,Spinozzi,mspinozzibe@angelfire.com,145.30.138.237
412,Cheryl,Haet,chaetbf@nasa.gov,4.51.217.220
413,Mendel,Slay,mslaybg@de.vu,190.23.34.6
414,Joline,Kenway,jkenwaybh@reddit.com,152.126.54.76
415,Walden,Gamell,wgamellbi@storify.com,49.235.90.206
416,Lori,Sandell,lsandellbj@phpbb.com,155.200.207.85
417,Layne,Rounds,lroundsbk@slate.com,165.6.74.82
418,Avrit,Fewell,afewellbl@delicious.com,246.146.206.157
419,Timothee,Bohl,tbohlbm@technorati.com,20.161.216.115
420,Reta,Hansana,rhansanabn@dedecms.com,61.164.169.67
421,Eddi,Glidden,egliddenbo@shinystat.com,64.124.214.154
422,Launce,Mustin,lmustinbp@exblog.jp,135.39.207.226
423,Jenna,Townsley,jtownsleybq@wunderground.com,252.117.91.101
424,Artur,Kelsey,akelseybr@arizona.edu,21.219.13.189
425,Ellen,Robbs,erobbsbs@tripadvisor.com,207.98.125.143
426,Dolores,Skae,dskaebt@mac.com,166.215.206.171
427,Kylen,Bidgod,kbidgodbu@hhs.gov,162.187.48.15
428,Stephen,Daelman,sdaelmanbv@dell.com,52.135.132.109
429,Michael,Purdy,mpurdybw@angelfire.com,255.0.145.43
430,Halimeda,Keel,hkeelbx@rediff.com,116.9.199.185
431,Eldredge,Stredder,estredderby@canalblog.com,163.63.163.90
432,Beniamino,Egdal,begdalbz@businessinsider.com,14.34.91.17
433,Etti,MacKniely,emacknielyc0@indiatimes.com,78.2.73.123
434,Kristien,Dalliwatr,kdalliwatrc1@comsenz.com,163.206.239.92
435,Elmer,Waumsley,ewaumsleyc2@hostgator.com,191.138.30.182
436,Babara,Paule,bpaulec3@usa.gov,12.131.95.244
437,Althea,Dust,adustc4@uol.com.br,234.171.138.231
438,Katee,Quarles,kquarlesc5@deviantart.com,89.35.228.207
439,Harli,Cicculini,hcicculinic6@blogspot.com,86.127.85.118
440,Grata,Hodgets,ghodgetsc7@usnews.com,44.70.45.124
441,Mirilla,Brickham,mbrickhamc8@spiegel.de,101.128.205.163
442,Madlin,Ram,mramc9@va.gov,168.82.127.140
443,Lotti,Tchir,ltchirca@dell.com,154.4.18.151
444,Raeann,Campagne,rcampagnecb@chicagotribune.com,15.220.249.200
445,Gilles,Ruffler,grufflercc@upenn.edu,61.122.76.12
446,Scott,Tamblingson,stamblingsoncd@blogs.com,44.246.225.156
447,Perren,Middlemist,pmiddlemistce@angelfire.com,9.194.6.27
448,Wynn,Bullent,wbullentcf@tamu.edu,67.90.109.128
449,Berty,Footer,bfootercg@histats.com,90.247.249.225
450,Kellen,Mickelwright,kmickelwrightch@theatlantic.com,54.22.31.235
451,Bartlet,Ida,bidaci@state.gov,73.108.228.35
452,Emmit,Nerney,enerneycj@salon.com,169.127.161.148
453,Hamlin,Dockreay,hdockreayck@purevolume.com,112.116.55.56
454,Jakie,Peasgood,jpeasgoodcl@dell.com,173.250.179.29
455,Patty,O'Regan,poregancm@dell.com,110.46.238.201
456,Faber,Trent,ftrentcn@arizona.edu,34.216.141.161
457,Thorny,Miroy,tmiroyco@google.cn,71.186.107.31
458,Ira,Starton,istartoncp@businesswire.com,30.28.142.203
459,Bruis,Fancy,bfancycq@youtu.be,142.40.39.203
460,Myrah,Sandars,msandarscr@foxnews.com,18.43.30.130
461,Claudia,Waterson,cwatersoncs@fotki.com,88.19.142.23
462,Garrek,Longina,glonginact@discuz.net,54.56.231.206
463,Torie,Clague,tclaguecu@soundcloud.com,195.70.251.163
464,Valentia,Jemmison,vjemmisoncv@abc.net.au,70.170.65.116
465,Orlando,Eynaud,oeynaudcw@amazonaws.com,139.214.190.192
466,Prent,Kobel,pkobelcx@jimdo.com,206.7.142.171
467,Cherise,Hembery,chemberycy@stanford.edu,245.223.135.140
468,Anabella,Adie,aadiecz@wikia.com,51.193.160.118
469,Donetta,Torn,dtornd0@va.gov,243.131.169.212
470,Bryan,Janousek,bjanousekd1@vistaprint.com,134.175.241.187
471,Lion,MacKean,lmackeand2@nytimes.com,63.119.111.95
472,Tommie,Ishaki,tishakid3@xrea.com,187.101.62.93
473,Kellie,Ambrogetti,kambrogettid4@spiegel.de,222.91.148.181
474,Gib,Peron,gperond5@state.gov,225.130.226.167
475,Jerome,Sackur,jsackurd6@over-blog.com,20.213.190.109
476,Farrand,Hatfull,fhatfulld7@sfgate.com,62.77.49.3
477,Dennet,Von Brook,dvonbrookd8@eepurl.com,107.67.94.17
478,Ingrid,Bullus,ibullusd9@theglobeandmail.com,183.128.18.224
479,Crysta,Jewitt,cjewittda@lulu.com,103.149.204.138
480,Karney,Cummings,kcummingsdb@symantec.com,168.252.180.180
481,Grant,Bolin,gbolindc@1und1.de,35.156.136.37
482,Anissa,Benedito,abeneditodd@homestead.com,110.180.98.133
483,Skelly,Crim,scrimde@ning.com,3.124.189.36
484,Elsa,Yalden,eyaldendf@phpbb.com,237.195.212.140
485,Jennica,Sherel,jshereldg@rediff.com,2.160.213.64
486,Zerk,Duham,zduhamdh@icq.com,130.103.172.134
487,Stanleigh,Redbourn,sredbourndi@cocolog-nifty.com,162.191.191.205
488,Gerti,Danilevich,gdanilevichdj@domainmarket.com,209.155.247.224
489,Bailey,Le Estut,bleestutdk@cornell.edu,12.218.243.65
490,Elbert,Gernier,egernierdl@bloomberg.com,124.116.52.27
491,Marthe,Torre,mtorredm@boston.com,185.95.60.51
492,Wenda,Escoffrey,wescoffreydn@alibaba.com,196.84.206.202
493,Rhianon,Mobley,rmobleydo@nationalgeographic.com,9.122.103.136
494,Sherman,Inge,singedp@nymag.com,88.182.91.98
495,Wallie,Glasbey,wglasbeydq@edublogs.org,181.73.134.73
496,Rosalinde,Rappport,rrappportdr@wikimedia.org,223.154.113.50
497,Norry,Grindle,ngrindleds@cdbaby.com,7.176.154.211
498,Meade,Piatto,mpiattodt@arstechnica.com,146.0.13.83
499,Bord,Joska,bjoskadu@com.com,152.49.138.224
500,Beckie,Trolley,btrolleydv@networksolutions.com,12.210.156.224
501,Karlis,Wallbrook,kwallbrookdw@istockphoto.com,185.239.243.137
502,Benton,Grunguer,bgrunguerdx@jimdo.com,77.72.61.74
503,Donnie,Lutton,dluttondy@opensource.org,149.243.183.41
504,Almira,Barns,abarnsdz@homestead.com,145.154.76.217
505,Ivie,Brazier,ibraziere0@npr.org,110.143.171.121
506,Sheela,Casterou,scasteroue1@usatoday.com,20.147.76.230
507,Petrina,Partington,ppartingtone2@ustream.tv,61.12.203.196
508,Tristan,Screech,tscreeche3@ucla.edu,85.169.25.92
509,Stacee,Dopson,sdopsone4@oakley.com,123.48.178.97
510,Tommie,Dearlove,tdearlovee5@unesco.org,132.146.85.40
511,Sybille,Scrivener,sscrivenere6@yellowbook.com,23.71.171.121
512,Fairfax,Akehurst,fakehurste7@com.com,208.31.162.189
513,Amye,Hamnett,ahamnette8@skype.com,194.67.240.216
514,Gibb,Sear,gseare9@google.co.uk,199.76.219.102
515,Sloan,Kentwell,skentwellea@flavors.me,133.219.108.67
516,Lancelot,Hargate,lhargateeb@seesaa.net,79.204.156.228
517,Florida,Trowsdale,ftrowsdaleec@slashdot.org,176.144.153.26
518,Ami,Stainburn,astainburned@sitemeter.com,234.143.179.84
519,Jordanna,Rowat,jrowatee@nsw.gov.au,58.107.66.134
520,Fidelia,Middup,fmiddupef@bbc.co.uk,229.220.234.237
521,Nye,Iliffe,niliffeeg@umich.edu,186.82.144.35
522,Saidee,Perchard,sperchardeh@friendfeed.com,105.216.121.118
523,Marisa,Pellew,mpellewei@ibm.com,100.1.214.62
524,Georas,Jakubovits,gjakubovitsej@time.com,172.56.157.250
525,Kleon,Norvell,knorvellek@hubpages.com,162.176.252.103
526,Rey,Stanway,rstanwayel@myspace.com,138.149.75.156
527,Findley,Pirot,fpirotem@unicef.org,105.215.129.132
528,Fleming,McIlwrath,fmcilwrathen@stumbleupon.com,57.68.225.211
529,Leonidas,Du Pre,ldupreeo@indiatimes.com,39.134.196.117
530,Laurena,Upshall,lupshallep@mozilla.com,155.110.1.244
531,Renault,Ferrero,rferreroeq@printfriendly.com,163.208.149.143
532,Caro,Ternouth,cternouther@geocities.jp,74.123.80.160
533,Melody,Swait,mswaites@unicef.org,182.130.204.71
534,Collette,Ritchie,critchieet@bluehost.com,85.11.253.3
535,Frank,Boggish,fboggisheu@vinaora.com,72.4.107.132
536,Aileen,Vicar,avicarev@who.int,248.139.173.217
537,Hartwell,Willman,hwillmanew@mac.com,190.55.49.36
538,Andrea,Joice,ajoiceex@php.net,84.144.78.144
539,Humbert,Josling,hjoslingey@nymag.com,124.85.145.40
540,Kev,Rubery,kruberyez@statcounter.com,204.144.210.159
541,Charlotta,Wastell,cwastellf0@hhs.gov,108.223.80.137
542,Darline,Barclay,dbarclayf1@guardian.co.uk,223.72.15.15
543,Lanette,Walisiak,lwalisiakf2@scribd.com,157.37.207.37
544,Marlie,Dreye,mdreyef3@paginegialle.it,155.221.180.149
545,Udall,Martonfi,umartonfif4@edublogs.org,255.105.42.161
546,Terrance,Heggman,theggmanf5@disqus.com,84.112.177.142
547,Stanislas,O'Hagerty,sohagertyf6@sohu.com,40.106.201.27
548,Em,Pundy,epundyf7@studiopress.com,77.45.239.28
549,Flori,Spanton,fspantonf8@wunderground.com,213.220.8.113
550,Dulcine,Grogona,dgrogonaf9@bravesites.com,212.155.53.243
551,Loren,Coppen,lcoppenfa@usda.gov,226.126.126.233
552,Agretha,Knevit,aknevitfb@tumblr.com,118.63.191.11
553,Nick,McNish,nmcnishfc@virginia.edu,71.147.215.158
554,Gill,Chidley,gchidleyfd@storify.com,39.23.202.142
555,Shae,Leverette,sleverettefe@angelfire.com,64.69.238.207
556,Flore,Deveraux,fdeverauxff@hhs.gov,39.211.141.14
557,Alaine,Duddin,aduddinfg@netlog.com,142.207.249.127
558,Karil,Speariett,kspeariettfh@indiegogo.com,88.172.89.106
559,Munroe,Plitz,mplitzfi@comcast.net,237.69.131.118
560,Wayne,Stubbley,wstubbleyfj@1und1.de,55.57.217.130
561,Ethelyn,Marson,emarsonfk@php.net,36.47.38.127
562,Llewellyn,Redferne,lredfernefl@about.com,133.255.146.105
563,Itch,Alvaro,ialvarofm@unc.edu,243.115.203.155
564,Joachim,Pellamont,jpellamontfn@hud.gov,144.168.131.180
565,Alaster,Spering,asperingfo@imgur.com,182.141.40.53
566,Queenie,Hillin,qhillinfp@nymag.com,41.29.18.130
567,Becky,Cockran,bcockranfq@slideshare.net,199.10.244.60
568,Dorice,Warlow,dwarlowfr@vkontakte.ru,244.222.9.92
569,Annis,Rossoni,arossonifs@economist.com,224.45.183.79
570,Isacco,Cribbott,icribbottft@taobao.com,18.219.76.96
571,Wood,Coopey,wcoopeyfu@shutterfly.com,239.86.252.96
572,Benedick,Gilyott,bgilyottfv@joomla.org,194.112.128.70
573,Cordey,Boarleyson,cboarleysonfw@blogs.com,193.244.244.111
574,Claude,Iannetti,ciannettifx@fotki.com,4.176.92.23
575,Palmer,Windram,pwindramfy@meetup.com,160.19.150.47
576,Clywd,Ladon,cladonfz@fc2.com,224.240.166.80
577,Fritz,Salla,fsallag0@odnoklassniki.ru,130.91.154.131
578,Andie,Godsell,agodsellg1@ask.com,192.71.191.185
579,Casie,Sawney,csawneyg2@dailymotion.com,88.3.131.124
580,Rina,Browne,rbrowneg3@google.de,86.131.126.216
581,Edgard,Tedstone,etedstoneg4@amazon.com,221.161.16.225
582,Dory,Newbury,dnewburyg5@hostgator.com,105.180.184.196
583,Janeta,Hallawell,jhallawellg6@tripadvisor.com,177.55.107.10
584,Carroll,Trotman,ctrotmang7@europa.eu,36.97.240.120
585,Tobiah,Drinkale,tdrinkaleg8@sbwire.com,139.108.7.231
586,Storm,Sturridge,ssturridgeg9@google.pl,105.75.245.2
587,Juliane,Lagadu,jlagaduga@google.com.br,224.216.239.73
588,Elyssa,Archambault,earchambaultgb@bbc.co.uk,214.89.35.241
589,Kimberlee,Redfearn,kredfearngc@studiopress.com,217.149.37.214
590,Valentine,Sinnocke,vsinnockegd@loc.gov,17.69.28.138
591,Nomi,Flanagan,nflanagange@msn.com,32.228.202.22
592,Clyve,Gino,cginogf@zimbio.com,92.174.251.94
593,Dalila,Iliff,diliffgg@npr.org,236.6.99.213
594,Cass,Clemence,cclemencegh@cmu.edu,103.224.208.2
595,Nell,Lindegard,nlindegardgi@about.com,39.164.218.132
596,Meagan,Haslin,mhaslingj@desdev.cn,178.124.95.225
597,Penni,Durbin,pdurbingk@nyu.edu,81.169.238.251
598,Joel,Amner,jamnergl@google.com,201.135.31.93
599,Koral,Cough,kcoughgm@nature.com,58.170.8.185
600,Honoria,Axe,haxegn@skype.com,246.104.24.92
601,Orelia,Robison,orobisongo@sina.com.cn,138.8.113.178
602,Carroll,Kuhnert,ckuhnertgp@army.mil,45.53.180.78
603,Atlanta,Pitcock,apitcockgq@digg.com,138.107.170.102
604,Friedrich,Winterscale,fwinterscalegr@state.gov,106.246.89.83
605,Garwin,De Cleyne,gdecleynegs@oaic.gov.au,233.1.204.100
606,Dicky,Taillant,dtaillantgt@weibo.com,253.195.84.89
607,Petra,Defrain,pdefraingu@g.co,215.110.44.157
608,Karita,Foxton,kfoxtongv@hc360.com,52.218.29.133
609,Doyle,Borsi,dborsigw@about.com,194.215.212.30
610,Matteo,Mountcastle,mmountcastlegx@dailymail.co.uk,218.214.80.209
611,Ellis,Arends,earendsgy@nasa.gov,6.213.67.72
612,Ulises,Fawdrie,ufawdriegz@nhs.uk,116.191.73.1
613,Verne,Dulling,vdullingh0@hp.com,104.147.74.75
614,Kizzie,Gayne,kgayneh1@paypal.com,58.66.205.66
615,Brandyn,Karlolak,bkarlolakh2@timesonline.co.uk,92.170.4.198
616,Roderic,Emberson,rembersonh3@cloudflare.com,105.69.72.230
617,Leonore,Probbings,lprobbingsh4@blogspot.com,110.184.198.205
618,Emera,Etteridge,eetteridgeh5@bloglovin.com,94.117.184.189
619,Romona,Loch,rlochh6@last.fm,82.23.112.40
620,Josi,Lammerts,jlammertsh7@google.com.au,36.139.166.80
621,Andromache,Brockhurst,abrockhursth8@geocities.com,74.52.227.122
622,Eugenio,Wadmore,ewadmoreh9@yahoo.co.jp,59.239.92.209
623,Kipp,Aisthorpe,kaisthorpeha@vistaprint.com,64.198.191.175
624,Sella,McPhelim,smcphelimhb@gnu.org,245.23.245.58
625,Lauralee,Shickle,lshicklehc@house.gov,198.254.124.79
626,Leyla,Hatchell,lhatchellhd@about.me,163.98.205.222
627,Sheridan,Etoile,setoilehe@google.com.hk,152.97.155.228
628,Denver,Vockins,dvockinshf@amazon.com,254.247.57.160
629,Fifine,Palleske,fpalleskehg@hugedomains.com,252.119.113.206
630,Stevy,Tours,stourshh@google.nl,95.197.89.2
631,Pansie,Iacovucci,piacovuccihi@omniture.com,240.104.52.135
632,Karry,Yankov,kyankovhj@is.gd,177.210.67.29
633,Lyman,Simper,lsimperhk@mozilla.com,203.72.195.175
634,Carolan,Normanvill,cnormanvillhl@furl.net,92.143.76.98
635,Guthry,Twiggs,gtwiggshm@vimeo.com,207.109.227.65
636,Ronda,Harme,rharmehn@jigsy.com,83.108.223.212
637,Fidela,Fiske,ffiskeho@skyrock.com,157.81.18.57
638,Elli,Duckering,educkeringhp@businessinsider.com,42.126.245.19
639,Madeleine,Hiley,mhileyhq@shutterfly.com,86.199.0.248
640,Hastie,Geely,hgeelyhr@marriott.com,160.154.9.195
641,Greta,Coal,gcoalhs@google.ru,245.194.99.40
642,Nadya,Wilcot,nwilcotht@un.org,177.119.39.165
643,Jerald,Lavallie,jlavalliehu@yolasite.com,50.229.50.35
644,Tanitansy,Whatley,twhatleyhv@un.org,59.238.105.7
645,Adrea,Linguard,alinguardhw@wiley.com,240.242.148.149
646,Muhammad,Pitone,mpitonehx@hud.gov,37.240.0.241
647,Meridith,Gouck,mgouckhy@imgur.com,123.199.7.241
648,Bren,Littleton,blittletonhz@wix.com,149.151.195.8
649,Colver,Barnardo,cbarnardoi0@blogs.com,12.78.2.214
650,Vachel,Brettel,vbretteli1@si.edu,41.47.36.140
651,Helsa,Scoullar,hscoullari2@surveymonkey.com,113.44.252.209
652,Annmarie,Grzes,agrzesi3@wufoo.com,228.240.76.114
653,Scarface,Pareman,sparemani4@ning.com,239.245.82.34
654,Laura,Wincom,lwincomi5@t.co,218.79.106.226
655,Roseanne,Keigher,rkeigheri6@who.int,126.254.87.170
656,Cecil,Addionizio,caddionizioi7@istockphoto.com,47.99.202.71
657,Barbey,Whines,bwhinesi8@scientificamerican.com,199.197.87.136
658,Leoline,Roxbee,lroxbeei9@a8.net,94.95.246.216
659,Beitris,Bedburrow,bbedburrowia@constantcontact.com,62.22.86.106
660,Evita,Thomassin,ethomassinib@1und1.de,158.80.7.108
661,Halie,Jobin,hjobinic@goodreads.com,246.97.4.1
662,Jasmine,Silverton,jsilvertonid@gizmodo.com,101.156.145.216
663,Chris,Duckers,cduckersie@dagondesign.com,75.209.230.35
664,Horatio,Fitzer,hfitzerif@sun.com,73.209.174.71
665,Yalonda,Lambertz,ylambertzig@blog.com,71.189.134.226
666,Jonah,Poulsen,jpoulsenih@gizmodo.com,212.42.137.138
667,Cassey,Fidgett,cfidgettii@github.io,17.202.2.136
668,Norman,Walczynski,nwalczynskiij@live.com,1.105.7.89
669,Clemmie,Pamphilon,cpamphilonik@shop-pro.jp,233.173.98.34
670,Donetta,Akitt,dakittil@photobucket.com,93.107.81.35
671,Analise,Fery,aferyim@t-online.de,146.67.165.65
672,Randy,Ferronier,rferronierin@phpbb.com,63.127.149.149
673,Christi,Brettle,cbrettleio@i2i.jp,58.223.65.175
674,Orsola,Bielfelt,obielfeltip@pinterest.com,228.65.47.211
675,Ephrayim,Milch,emilchiq@upenn.edu,109.184.149.39
676,Keenan,Soreau,ksoreauir@ihg.com,214.141.86.226
677,Valencia,Tresvina,vtresvinais@thetimes.co.uk,119.85.220.187
678,Erica,Fasham,efashamit@ibm.com,186.124.174.62
679,Meade,Mountlow,mmountlowiu@berkeley.edu,8.75.34.124
680,Dyana,Wansbury,dwansburyiv@answers.com,94.176.193.133
681,Georges,Pollard,gpollardiw@delicious.com,233.30.104.86
682,Gilberta,Gunningham,ggunninghamix@exblog.jp,133.56.189.161
683,Chantal,Trice,ctriceiy@dell.com,201.86.148.127
684,Angele,Stubbley,astubbleyiz@foxnews.com,184.153.169.216
685,Ysabel,Elliss,yellissj0@mapquest.com,249.52.204.240
686,Frazer,Carlisle,fcarlislej1@gravatar.com,162.177.244.68
687,Thornton,Denisevich,tdenisevichj2@biblegateway.com,143.16.91.54
688,Falito,Malenfant,fmalenfantj3@godaddy.com,48.220.91.23
689,Carmita,Stegell,cstegellj4@miibeian.gov.cn,20.82.246.211
690,Mort,Ditzel,mditzelj5@google.com.hk,56.138.53.98
691,Raven,Corbin,rcorbinj6@chron.com,111.162.187.105
692,Cecilla,Vanyakin,cvanyakinj7@guardian.co.uk,55.122.131.131
693,Dinah,Watmough,dwatmoughj8@csmonitor.com,190.126.1.154
694,Nita,Marfell,nmarfellj9@drupal.org,23.252.131.85
695,Jedediah,Oakenfull,joakenfullja@opensource.org,248.132.9.40
696,Gabriell,Bowser,gbowserjb@joomla.org,208.21.166.209
697,Rip,Ajean,rajeanjc@cam.ac.uk,107.88.210.38
698,Clarisse,Hanrott,chanrottjd@drupal.org,185.103.184.255
699,Julee,Tilby,jtilbyje@printfriendly.com,2.91.157.138
700,Iosep,Gittens,igittensjf@ibm.com,225.15.92.212
701,Pip,Callaby,pcallabyjg@acquirethisname.com,230.246.146.164
702,Percival,Beveridge,pbeveridgejh@1688.com,79.131.186.117
703,Orelle,Macro,omacroji@home.pl,211.75.170.164
704,Kary,Pareman,kparemanjj@miitbeian.gov.cn,231.19.217.253
705,Juliet,Hallen,jhallenjk@google.cn,61.193.8.129
706,Cy,Karchewski,ckarchewskijl@amazon.com,153.208.212.155
707,Gusella,Coldridge,gcoldridgejm@ebay.com,223.160.28.16
708,Branden,Hodgins,bhodginsjn@tuttocitta.it,8.150.203.22
709,Shelba,Bahde,sbahdejo@behance.net,115.122.87.32
710,Marie-ann,Hannabus,mhannabusjp@skype.com,98.85.41.98
711,Maryrose,Tapper,mtapperjq@1und1.de,167.6.56.9
712,Tami,Iannello,tiannellojr@jigsy.com,102.48.85.93
713,Rab,Girton,rgirtonjs@technorati.com,141.200.81.42
714,Isabeau,Mapstone,imapstonejt@shinystat.com,38.219.134.143
715,Bianca,McNea,bmcneaju@pinterest.com,202.255.160.57
716,Karly,Delves,kdelvesjv@trellian.com,78.58.159.192
717,Carolan,Bunny,cbunnyjw@vimeo.com,127.68.148.173
718,Christiano,Kingsman,ckingsmanjx@weebly.com,152.213.158.16
719,Eden,Scoular,escoularjy@aol.com,216.69.54.49
720,Tod,Lortz,tlortzjz@intel.com,64.150.114.226
721,Tansy,Andell,tandellk0@opera.com,65.138.214.82
722,Elbertina,Bramwell,ebramwellk1@ocn.ne.jp,11.90.185.209
723,Phelia,Reaper,preaperk2@wordpress.org,146.227.57.252
724,Jodi,Najera,jnajerak3@wordpress.org,114.66.254.203
725,Woody,Carlisso,wcarlissok4@kickstarter.com,239.70.18.20
726,Melodie,Bulfoy,mbulfoyk5@addtoany.com,211.236.213.72
727,Billy,Dunnan,bdunnank6@blog.com,113.61.5.19
728,Kristyn,Delacoste,kdelacostek7@umich.edu,164.156.39.176
729,Frankie,Cradduck,fcradduckk8@liveinternet.ru,239.232.111.23
730,Abdul,Tupp,atuppk9@alibaba.com,26.20.142.210
731,Lyssa,Kowal,lkowalka@psu.edu,18.123.170.135
732,Berkly,Tittletross,btittletrosskb@lycos.com,164.16.186.139
733,Aube,Crowcum,acrowcumkc@cyberchimps.com,233.174.180.171
734,Shannen,Ellen,sellenkd@tinypic.com,60.93.150.89
735,Burt,Morgan,bmorganke@constantcontact.com,17.158.151.178
736,Archy,Bannell,abannellkf@sohu.com,157.12.125.178
737,Ingar,McCreery,imccreerykg@pagesperso-orange.fr,221.40.99.102
738,Bernardina,Stollenberg,bstollenbergkh@skyrock.com,203.170.73.123
739,Lesley,Simco,lsimcoki@prlog.org,82.145.23.150
740,Dallis,Caddick,dcaddickkj@arstechnica.com,90.27.192.72
741,Glynn,Curtoys,gcurtoyskk@npr.org,179.31.112.191
742,Filmore,Cock,fcockkl@gravatar.com,165.53.212.122
743,Cybil,Fiddler,cfiddlerkm@ameblo.jp,132.205.35.231
744,Kermit,Paumier,kpaumierkn@diigo.com,167.25.40.64
745,Griselda,Romer,gromerko@rakuten.co.jp,37.247.174.174
746,Joly,Vasyutin,jvasyutinkp@lycos.com,64.189.93.243
747,Kristopher,Marty,kmartykq@typepad.com,125.243.102.34
748,Wilbur,Jeune,wjeunekr@ted.com,92.220.80.173
749,Leelah,Peepall,lpeepallks@independent.co.uk,177.69.89.150
750,Margareta,Flay,mflaykt@behance.net,95.31.160.164
751,Meredeth,Gozzard,mgozzardku@live.com,220.191.203.179
752,Jay,Geddes,jgeddeskv@scribd.com,4.125.233.229
753,Dulcia,Riguard,driguardkw@google.com,170.149.194.164
754,Kora,Brandacci,kbrandaccikx@cam.ac.uk,122.177.21.7
755,Xenos,McEvon,xmcevonky@latimes.com,226.228.20.64
756,Maye,Palmby,mpalmbykz@cam.ac.uk,196.235.104.32
757,Herbie,Wims,hwimsl0@skype.com,102.182.97.197
758,Mischa,Drought,mdroughtl1@vk.com,228.83.49.148
759,Aksel,Weadick,aweadickl2@icq.com,177.78.93.35
760,Wesley,Bagot,wbagotl3@wisc.edu,93.31.83.221
761,Petronella,Sedger,psedgerl4@feedburner.com,125.78.93.45
762,Joanie,Trelevan,jtrelevanl5@webeden.co.uk,89.243.94.34
763,Donall,Aindriu,daindriul6@angelfire.com,48.190.202.182
764,Abigail,Klaussen,aklaussenl7@rakuten.co.jp,207.170.58.128
765,Web,Dendle,wdendlel8@angelfire.com,106.208.146.122
766,Elsa,Wedon,ewedonl9@imdb.com,87.137.219.133
767,Eachelle,Guilleton,eguilletonla@freewebs.com,24.20.158.154
768,Alvira,Cowerd,acowerdlb@wikia.com,43.95.176.213
769,Gearalt,Tiner,gtinerlc@mlb.com,109.214.66.81
770,Guthry,Meecher,gmeecherld@wikispaces.com,10.25.116.214
771,Pip,Hakes,phakesle@google.it,171.93.29.171
772,Averil,Splain,asplainlf@shutterfly.com,247.173.129.22
773,Sidonia,Feighry,sfeighrylg@taobao.com,180.179.233.72
774,Adolphus,Tregien,atregienlh@indiegogo.com,158.63.1.104
775,Angeline,Okell,aokellli@phoca.cz,199.69.124.91
776,Enrica,Bond,ebondlj@miibeian.gov.cn,120.185.14.231
777,Briana,Cessford,bcessfordlk@deviantart.com,225.224.187.119
778,Eugen,Durdy,edurdyll@ox.ac.uk,88.117.87.124
779,Orel,MacTague,omactaguelm@huffingtonpost.com,164.5.123.217
780,Cordi,Kasting,ckastingln@aol.com,225.220.182.57
781,Bartholemy,Iapico,biapicolo@comsenz.com,44.142.136.221
782,Clary,Piniur,cpiniurlp@phoca.cz,254.88.177.139
783,Lewie,Scragg,lscragglq@samsung.com,118.197.104.161
784,Shayla,Stansfield,sstansfieldlr@amazon.de,248.15.222.152
785,Fraze,Dorber,fdorberls@slate.com,206.129.104.251
786,Falito,Cowle,fcowlelt@scientificamerican.com,250.84.217.119
787,Emile,Spellicy,espellicylu@craigslist.org,59.116.184.1
788,Wilow,Maxsted,wmaxstedlv@princeton.edu,121.62.127.24
789,Daffie,Whatley,dwhatleylw@fotki.com,86.127.81.35
790,Rad,Salvage,rsalvagelx@hc360.com,142.90.189.67
791,Collie,Brimilcome,cbrimilcomely@yellowpages.com,200.240.226.30
792,Web,Coote,wcootelz@xinhuanet.com,102.209.209.4
793,Biron,Freear,bfreearm0@scribd.com,45.91.46.229
794,Tish,Lindsley,tlindsleym1@unc.edu,97.47.229.57
795,Ivett,Kopmann,ikopmannm2@shop-pro.jp,248.213.58.1
796,Isabelita,Cocker,icockerm3@wikispaces.com,160.16.14.150
797,Sammie,Mucklow,smucklowm4@facebook.com,223.209.219.240
798,Codie,Russel,crusselm5@va.gov,19.182.25.209
799,Baudoin,Rapa,brapam6@wikispaces.com,244.185.225.225
800,Amble,Joanaud,ajoanaudm7@merriam-webster.com,9.40.124.83
801,Marj,MacDougal,mmacdougalm8@webs.com,75.102.210.49
802,Dimitry,Rouse,drousem9@xrea.com,97.139.132.127
803,Richie,Spinage,rspinagema@columbia.edu,107.150.72.216
804,Gottfried,Darnborough,gdarnboroughmb@addthis.com,121.4.200.244
805,Erminie,Thraves,ethravesmc@privacy.gov.au,185.40.181.199
806,Kathy,Loughman,kloughmanmd@google.de,192.233.148.171
807,Isobel,Wilstead,iwilsteadme@feedburner.com,68.190.57.163
808,Milzie,Schwandt,mschwandtmf@cargocollective.com,41.101.248.119
809,Augy,Clopton,acloptonmg@printfriendly.com,110.133.188.83
810,Reynold,Dami,rdamimh@twitter.com,228.59.56.144
811,Jerri,Rodger,jrodgermi@reference.com,179.104.108.76
812,Lanette,Stalley,lstalleymj@privacy.gov.au,56.252.225.127
813,Ailis,Richemont,arichemontmk@bbc.co.uk,152.236.13.169
814,Tuckie,Corben,tcorbenml@indiegogo.com,175.236.146.198
815,Nicky,Szymanski,nszymanskimm@usda.gov,236.65.110.6
816,Kile,Kiossel,kkiosselmn@un.org,235.169.33.28
817,Maxine,Godfray,mgodfraymo@ft.com,20.34.233.145
818,Morganne,Champness,mchampnessmp@google.ru,196.221.217.25
819,Josephine,Bernardino,jbernardinomq@java.com,173.122.246.228
820,Berk,Petto,bpettomr@upenn.edu,102.108.237.226
821,Shayne,Moreno,smorenoms@posterous.com,143.69.15.111
822,Mordy,Cornish,mcornishmt@163.com,64.40.54.99
823,Madalyn,Heisham,mheishammu@liveinternet.ru,206.42.126.173
824,Sigismundo,Huby,shubymv@ca.gov,149.189.196.253
825,Dolph,Sygroves,dsygrovesmw@ycombinator.com,142.110.232.99
826,Dedra,Duhig,dduhigmx@mail.ru,63.112.147.203
827,Jeannie,Kos,jkosmy@netlog.com,102.170.35.113
828,Susana,Brazil,sbrazilmz@constantcontact.com,213.116.247.84
829,Reginauld,Leedes,rleedesn0@ehow.com,68.178.119.35
830,Corty,Charpin,ccharpinn1@opensource.org,3.36.228.72
831,Avrom,Tranckle,atrancklen2@studiopress.com,61.0.174.60
832,Garek,Boniface,gbonifacen3@telegraph.co.uk,192.41.0.74
833,Emilio,Rapa,erapan4@comcast.net,245.157.211.245
834,Nicholle,Bartczak,nbartczakn5@dot.gov,113.67.159.250
835,Lesley,Balk,lbalkn6@alexa.com,85.40.146.113
836,Cathyleen,Pauluzzi,cpauluzzin7@flickr.com,253.218.216.237
837,Booth,Betchley,bbetchleyn8@macromedia.com,101.24.56.28
838,Kirstyn,Zima,kziman9@usgs.gov,30.68.34.109
839,Nertie,Lage,nlagena@imageshack.us,198.239.191.20
840,Delilah,Hammor,dhammornb@edublogs.org,130.197.87.90
841,Scarlett,Fergusson,sfergussonnc@prnewswire.com,8.26.102.70
842,Pepito,Brunner,pbrunnernd@studiopress.com,71.97.77.105
843,Man,Lidington,mlidingtonne@prnewswire.com,150.108.19.249
844,Bowie,Brockton,bbrocktonnf@technorati.com,1.224.90.225
845,Adela,Southworth,asouthworthng@msu.edu,26.92.92.79
846,Tymon,Nolleth,tnollethnh@admin.ch,189.53.203.206
847,Hilde,Kubicki,hkubickini@marriott.com,60.94.11.153
848,Remy,Goch,rgochnj@sakura.ne.jp,113.167.149.98
849,Nikolia,Kilsby,nkilsbynk@devhub.com,116.34.38.179
850,Lorri,Bullar,lbullarnl@phoca.cz,247.229.66.255
851,Jaclyn,McDowell,jmcdowellnm@google.co.jp,162.144.219.119
852,Truman,Detoile,tdetoilenn@deliciousdays.com,135.110.138.144
853,Andrea,Baldocci,abaldoccino@hp.com,47.180.27.202
854,Suzanna,Dwelly,sdwellynp@miitbeian.gov.cn,155.241.79.44
855,Domingo,Hetterich,dhetterichnq@163.com,193.161.67.94
856,Odey,Dabnot,odabnotnr@europa.eu,98.126.130.239
857,Lanita,Guihen,lguihenns@networksolutions.com,220.135.25.36
858,Nicholle,Durrett,ndurrettnt@ask.com,184.82.103.234
859,Roldan,Ducker,rduckernu@fotki.com,157.158.160.1
860,Cortney,Benian,cbeniannv@bloglovin.com,231.88.63.99
861,Maia,Kisbey,mkisbeynw@seesaa.net,186.106.133.162
862,Hiram,Vyel,hvyelnx@patch.com,246.3.188.68
863,Piggy,Charlotte,pcharlotteny@hud.gov,151.191.131.15
864,Indira,York,iyorknz@baidu.com,16.60.55.35
865,Coralie,Batie,cbatieo0@jiathis.com,102.201.64.151
866,Stanislaw,Kettoe,skettoeo1@51.la,196.157.60.218
867,Alika,Verrell,averrello2@msn.com,182.161.249.221
868,Maynard,Whight,mwhighto3@go.com,73.224.29.181
869,Tierney,Bendson,tbendsono4@businessinsider.com,111.18.122.97
870,Quintina,Mattisssen,qmattissseno5@w3.org,250.186.11.125
871,Tremayne,Olenov,tolenovo6@hp.com,234.74.54.69
872,Hersh,Kennet,hkenneto7@de.vu,72.33.19.206
873,Roger,Moar,rmoaro8@oakley.com,186.190.242.155
874,Lexine,Polle,lpolleo9@mail.ru,212.74.202.98
875,Van,Giacoppoli,vgiacoppolioa@webmd.com,252.112.10.206
876,Allyce,Ansty,aanstyob@yelp.com,37.97.180.78
877,Kania,Hinsche,khinscheoc@adobe.com,190.32.252.163
878,Ashlee,Fursland,afurslandod@geocities.com,208.14.66.10
879,Dione,Bambury,dbamburyoe@vistaprint.com,229.17.185.211
880,Georgie,Grzegorczyk,ggrzegorczykof@foxnews.com,208.152.156.0
881,Shay,Pods,spodsog@webeden.co.uk,61.57.174.236
882,Sam,Brettell,sbrettelloh@gov.uk,103.111.166.120
883,Rayner,Kinchington,rkinchingtonoi@mysql.com,121.206.211.92
884,Franny,Graddell,fgraddelloj@narod.ru,128.107.79.237
885,Carilyn,Gritland,cgritlandok@homestead.com,120.46.50.184
886,Gayle,McGerr,gmcgerrol@biblegateway.com,239.189.76.209
887,Theda,Spilsted,tspilstedom@msu.edu,1.180.61.178
888,Marshal,Lynthal,mlynthalon@purevolume.com,163.57.233.13
889,Dinah,Madsen,dmadsenoo@so-net.ne.jp,233.115.200.168
890,Jimmie,Kohrs,jkohrsop@tuttocitta.it,79.114.126.119
891,Josi,Tripcony,jtripconyoq@networksolutions.com,115.91.168.97
892,Ernest,Drover,edroveror@berkeley.edu,40.103.14.200
893,Nesta,Gell,ngellos@springer.com,41.209.84.205
894,Rodrique,Marmion,rmarmionot@netvibes.com,81.94.183.200
895,Quentin,Thistleton,qthistletonou@scientificamerican.com,203.168.107.41
896,Philipa,Meadley,pmeadleyov@paypal.com,250.10.218.11
897,Hanny,Leat,hleatow@time.com,104.162.206.118
898,Hana,Donke,hdonkeox@nasa.gov,64.49.86.140
899,Aleta,Beebis,abeebisoy@livejournal.com,73.252.146.153
900,Pernell,Penhalewick,ppenhalewickoz@google.com.au,58.77.42.1
901,Shelton,Pryer,spryerp0@washingtonpost.com,226.61.216.247
902,Merrile,Thornton-Dewhirst,mthorntondewhirstp1@google.ru,229.130.170.18
903,Elbert,Barhams,ebarhamsp2@globo.com,33.213.95.149
904,Ronica,Pardi,rpardip3@miitbeian.gov.cn,30.24.33.108
905,Essa,Sextone,esextonep4@theglobeandmail.com,80.66.30.36
906,Hernando,Fairchild,hfairchildp5@privacy.gov.au,216.233.72.242
907,Roseanne,Gavrielly,rgavriellyp6@apache.org,161.176.91.209
908,Emmalyn,D'Abbot-Doyle,edabbotdoylep7@twitpic.com,176.230.143.226
909,Lisbeth,Saice,lsaicep8@wiley.com,31.208.28.195
910,Ruby,St Leger,rstlegerp9@ted.com,144.132.193.6
911,Lenore,Hinks,lhinkspa@indiatimes.com,46.222.54.47
912,Torin,Bennedick,tbennedickpb@dailymail.co.uk,11.105.13.178
913,Raimund,Elsom,relsompc@pcworld.com,198.99.98.170
914,Bertha,Cornforth,bcornforthpd@irs.gov,29.40.24.42
915,Blondelle,Phlipon,bphliponpe@mozilla.org,6.228.165.53
916,Blinni,Challicombe,bchallicombepf@i2i.jp,132.185.10.6
917,Tarrah,Kares,tkarespg@sfgate.com,127.15.9.77
918,Eleanore,Van der Krui,evanderkruiph@jimdo.com,151.9.247.228
919,Rickey,Berthot,rberthotpi@yellowpages.com,165.16.106.203
920,Noel,Twinberrow,ntwinberrowpj@livejournal.com,21.151.41.211
921,Tracie,Hartfield,thartfieldpk@sciencedirect.com,29.184.191.27
922,Ray,Kimbell,rkimbellpl@ftc.gov,193.66.58.241
923,Orelia,Rapp,orapppm@google.es,228.185.196.208
924,Lizbeth,Bezant,lbezantpn@imageshack.us,68.196.230.73
925,Cherilyn,Grevel,cgrevelpo@feedburner.com,114.81.57.162
926,Carmon,McGeneay,cmcgeneaypp@mapquest.com,42.229.69.148
927,Gwenny,Brayson,gbraysonpq@hhs.gov,171.10.144.191
928,Meryl,Bresson,mbressonpr@hp.com,2.167.200.142
929,Howard,Wychard,hwychardps@scribd.com,120.27.241.124
930,Brana,Vereker,bverekerpt@shinystat.com,226.199.232.180
931,Selma,Clinning,sclinningpu@blogspot.com,247.39.175.85
932,Marika,Braidley,mbraidleypv@discuz.net,57.255.78.37
933,Harbert,Greim,hgreimpw@sourceforge.net,253.138.43.113
934,Bryna,MacBey,bmacbeypx@w3.org,89.227.75.130
935,Rodolph,Hearnes,rhearnespy@sogou.com,111.42.75.67
936,Margarete,Shailer,mshailerpz@pcworld.com,54.122.141.199
937,Riobard,Coathup,rcoathupq0@cdbaby.com,180.201.150.64
938,Welsh,Tebbe,wtebbeq1@tmall.com,13.170.160.172
939,Debra,Foan,dfoanq2@stanford.edu,114.32.67.41
940,Madel,Stanning,mstanningq3@php.net,22.111.123.64
941,Starlene,Abrey,sabreyq4@upenn.edu,49.163.13.130
942,Marshal,Guinane,mguinaneq5@mayoclinic.com,140.206.78.236
943,Adolphus,Iddins,aiddinsq6@seattletimes.com,173.199.181.24
944,Anabal,Player,aplayerq7@freewebs.com,64.42.239.227
945,Torrie,Tale,ttaleq8@simplemachines.org,217.23.223.9
946,Bowie,Andrat,bandratq9@columbia.edu,42.213.114.0
947,Maryl,Petrishchev,mpetrishchevqa@state.tx.us,186.115.112.19
948,Cornela,Snawdon,csnawdonqb@redcross.org,0.49.144.250
949,Nicoline,Castells,ncastellsqc@printfriendly.com,153.83.30.57
950,Royal,Northover,rnorthoverqd@cloudflare.com,145.27.139.123
951,Donielle,Chipps,dchippsqe@gnu.org,98.182.202.38
952,Lilias,Kesley,lkesleyqf@delicious.com,104.197.250.154
953,Kathy,Kilner,kkilnerqg@sciencedaily.com,30.228.134.101
954,Ev,Monelli,emonelliqh@deviantart.com,151.176.179.164
955,Kynthia,Killough,kkilloughqi@opera.com,139.152.228.185
956,Codie,Brecon,cbreconqj@privacy.gov.au,67.84.168.7
957,Jakie,Byrth,jbyrthqk@digg.com,237.175.82.173
958,Devy,Tanswill,dtanswillql@moonfruit.com,188.154.218.109
959,Noah,Macklam,nmacklamqm@google.ru,44.159.32.230
960,Jeane,Falcus,jfalcusqn@home.pl,119.114.209.189
961,Dorise,Bretherton,dbrethertonqo@cyberchimps.com,138.80.91.187
962,Eloise,Brimm,ebrimmqp@chicagotribune.com,116.206.183.82
963,Wilmette,Riddle,wriddleqq@jiathis.com,168.253.243.11
964,Trace,Arnaldo,tarnaldoqr@goo.ne.jp,124.158.248.138
965,Maude,Berard,mberardqs@blogtalkradio.com,162.145.128.183
966,Coleen,Corse,ccorseqt@i2i.jp,230.30.36.225
967,Cecile,Trahar,ctraharqu@japanpost.jp,228.32.12.69
968,Win,Corser,wcorserqv@w3.org,88.106.183.34
969,Stearne,Adamoli,sadamoliqw@opensource.org,212.123.151.238
970,Eydie,Reditt,eredittqx@dagondesign.com,1.72.68.251
971,Gertrud,Spinley,gspinleyqy@wikia.com,124.172.162.204
972,Kary,Ottosen,kottosenqz@spiegel.de,24.43.212.121
973,Burke,De Witt,bdewittr0@godaddy.com,145.15.231.48
974,Siward,Hammelberg,shammelbergr1@unc.edu,120.234.197.131
975,Gwynne,Mordy,gmordyr2@mozilla.com,75.72.42.28
976,Archibold,Shewon,ashewonr3@nih.gov,243.22.50.67
977,Harlin,Nicol,hnicolr4@altervista.org,195.220.118.169
978,Cornell,Bufton,cbuftonr5@independent.co.uk,233.158.19.130
979,Ladonna,Urlin,lurlinr6@ucoz.ru,19.158.174.38
980,Sondra,Tenaunt,stenauntr7@technorati.com,17.233.157.191
981,Willem,Fahey,wfaheyr8@toplist.cz,10.212.78.92
982,Araldo,Coverdale,acoverdaler9@whitehouse.gov,100.110.78.42
983,Gayler,Ipgrave,gipgravera@indiatimes.com,188.120.91.96
984,Trevor,Whitelaw,twhitelawrb@twitpic.com,218.51.16.187
985,Barth,Leyrroyd,bleyrroydrc@cbc.ca,241.203.234.68
986,Ertha,Hotchkin,ehotchkinrd@lycos.com,33.151.139.33
987,Melvyn,Ashbridge,mashbridgere@vimeo.com,156.58.229.39
988,Cordie,Vinick,cvinickrf@foxnews.com,200.126.226.90
989,Alaine,Irvine,airvinerg@cocolog-nifty.com,127.209.63.48
990,Analise,Lockitt,alockittrh@indiegogo.com,232.149.122.110
991,Aurel,Frantzen,afrantzenri@indiegogo.com,88.213.240.81
992,Connie,Charlton,ccharltonrj@storify.com,86.36.94.238
993,Gretta,Learmonth,glearmonthrk@hc360.com,105.21.161.33
994,Leda,Weins,lweinsrl@g.co,232.245.203.102
995,Dolly,Brighty,dbrightyrm@marriott.com,13.211.174.145
996,Will,Geikie,wgeikiern@chronoengine.com,143.197.206.239
997,Esteban,Cornfield,ecornfieldro@bravesites.com,210.100.63.49
998,Ailene,Vossing,avossingrp@amazon.co.uk,191.85.8.65
999,Tasia,Bye,tbyerq@naver.com,217.74.210.113
1000,Tonie,MacParland,tmacparlandrr@opera.com,54.36.229.176
