id,first_name,last_name,email,ip_address
1,Stacia,Creedland,screedland0@princeton.edu,126.163.61.162
2,Yorke,Padula,ypadula1@businessweek.com,43.45.126.44
3,Quint,Monksfield,qmonksfield2@globo.com,216.122.127.217
4,Pennie,Joire,pjoire3@dmoz.org,234.211.61.229
5,Jarrid,Ashfield,jashfield4@wufoo.com,64.113.245.89
6,Allianora,Smyley,asmyley5@amazon.com,145.250.129.218
7,Mozelle,Kibel,mkibel6@google.de,195.179.188.31
8,Tabb,Bruckner,tbruckner7@so-net.ne.jp,200.30.36.75
9,Dayle,Saterweyte,dsaterweyte8@nymag.com,30.53.150.110
10,Carma,Guyan,cguyan9@nytimes.com,120.230.76.25
11,Engelbert,Iscowitz,eiscowitza@multiply.com,85.52.161.53
12,Betty,Heister,bheisterb@taobao.com,124.243.199.66
13,Ernst,Bewshire,ebewshirec@weibo.com,71.132.147.49
14,Blakelee,Doodson,bdoodsond@moonfruit.com,215.123.117.99
15,Giffard,Renfree,grenfreee@t.co,110.165.73.94
16,Fons,Pensom,fpensomf@ocn.ne.jp,131.85.121.116
17,Erich,Gaythorpe,egaythorpeg@noaa.gov,3.215.218.126
18,Edvard,Baumadier,ebaumadierh@tripod.com,247.210.22.140
19,Scot,Spiers,sspiersi@yolasite.com,201.146.28.37
20,Shayne,Godwin,sgodwinj@google.it,30.163.24.109
21,Silvio,Batchley,sbatchleyk@scientificamerican.com,253.230.149.218
22,Tabina,Raddenbury,traddenburyl@cyberchimps.com,117.86.134.127
23,Shela,Jedrzejewski,sjedrzejewskim@youtu.be,90.77.100.195
24,Kip,Northidge,knorthidgen@t-online.de,254.236.39.129
25,Aloisia,Brunel,abrunelo@ycombinator.com,9.161.25.59
26,Tori,Adamowicz,tadamowiczp@intel.com,116.218.251.126
27,Opaline,Fores,oforesq@skype.com,85.165.230.114
28,Randie,Norwell,rnorwellr@sourceforge.net,249.139.0.16
29,Curcio,Face,cfaces@webeden.co.uk,173.42.210.189
30,Willow,Winslade,wwinsladet@usatoday.com,16.183.246.123
31,Anett,Lloyd-Williams,alloydwilliamsu@chron.com,27.126.22.28
32,Erl,McAloren,emcalorenv@china.com.cn,58.54.79.247
33,Valida,Clelle,vclellew@rakuten.co.jp,207.175.22.96
34,Cassie,Lerego,cleregox@ihg.com,244.34.0.72
35,Horatius,Epinay,hepinayy@netlog.com,222.254.111.250
36,Pavlov,Sember,psemberz@wix.com,164.231.187.4
37,Rochella,Iddison,riddison10@csmonitor.com,7.46.217.140
38,Bridget,Barstock,bbarstock11@storify.com,43.123.216.150
39,Adore,McCully,amccully12@parallels.com,65.156.24.214
40,Madge,Slimmon,mslimmon13@umn.edu,27.95.109.190
41,Zoe,Mawtus,zmawtus14@reddit.com,168.116.76.74
42,Pavla,Broadbury,pbroadbury15@blinklist.com,81.161.118.57
43,Astrix,Stokoe,astokoe16@amazon.com,127.93.63.146
44,Paulie,Ausher,pausher17@dropbox.com,31.142.122.48
45,Connie,Theze,ctheze18@ed.gov,21.62.183.72
46,Penny,Lawlance,plawlance19@scientificamerican.com,25.186.60.162
47,Rebecca,Swinley,rswinley1a@goodreads.com,245.180.225.182
48,Tedra,Flement,tflement1b@uol.com.br,111.160.160.1
49,Alexandro,Kiezler,akiezler1c@multiply.com,232.202.163.75
50,Charin,McIlmorie,cmcilmorie1d@is.gd,75.205.139.11
51,Lidia,Gland,lgland1e@myspace.com,11.197.52.71
52,Kendall,Bernocchi,kbernocchi1f@bluehost.com,79.120.172.187
53,Karla,Brandreth,kbrandreth1g@sakura.ne.jp,182.248.103.94
54,Gui,Piechnik,gpiechnik1h@weebly.com,160.2.119.118
55,Cleopatra,Pedycan,cpedycan1i@noaa.gov,107.51.207.127
56,Federica,MacMychem,fmacmychem1j@redcross.org,12.225.96.93
57,Briano,Colqueran,bcolqueran1k@washingtonpost.com,46.128.108.58
58,Pedro,Bogart,pbogart1l@cyberchimps.com,43.5.148.92
59,Esdras,Jaffra,ejaffra1m@wix.com,61.43.139.229
60,Ulrikaumeko,Canape,ucanape1n@taobao.com,35.192.121.186
61,Bartel,Paton,bpaton1o@reddit.com,223.153.150.58
62,Colver,Beckford,cbeckford1p@altervista.org,19.140.94.112
63,Karylin,Timson,ktimson1q@sourceforge.net,11.105.58.169
64,Gerry,MacLure,gmaclure1r@webnode.com,200.147.56.68
65,Joannes,Brigstock,jbrigstock1s@wikia.com,21.142.209.166
66,Maddy,Backler,mbackler1t@msu.edu,29.192.233.13
67,Virginie,Hallede,vhallede1u@imgur.com,228.234.44.9
68,Carolus,Westney,cwestney1v@admin.ch,68.47.105.117
69,Barbara-anne,Cowper,bcowper1w@infoseek.co.jp,77.228.83.74
70,Cori,Trappe,ctrappe1x@uiuc.edu,169.238.150.208
71,Casandra,Buckby,cbuckby1y@newsvine.com,186.52.68.29
72,Demott,Brownfield,dbrownfield1z@hud.gov,103.117.215.49
73,Aymer,Colrein,acolrein20@prnewswire.com,16.140.96.76
74,Maurene,Helder,mhelder21@uol.com.br,79.139.178.94
75,Mortimer,Perrott,mperrott22@comsenz.com,185.17.131.117
76,Rollo,Schwanden,rschwanden23@chron.com,173.122.195.230
77,Ferrel,Oley,foley24@apache.org,58.77.30.216
78,Luelle,Fahrenbacher,lfahrenbacher25@si.edu,94.11.226.184
79,Pauline,Kynsey,pkynsey26@bloglovin.com,246.254.186.198
80,Margalo,Penlington,mpenlington27@shareasale.com,93.28.8.129
81,Cyril,Avesque,cavesque28@cornell.edu,241.50.123.149
82,Ollie,Signoret,osignoret29@weather.com,249.123.21.66
83,Brandie,Throughton,bthroughton2a@symantec.com,180.121.8.57
84,Ina,Tackell,itackell2b@pagesperso-orange.fr,189.195.246.143
85,Chance,Bottomer,cbottomer2c@army.mil,49.3.58.158
86,Matthieu,Gjerde,mgjerde2d@state.tx.us,78.64.66.12
87,Ruperto,Wakeham,rwakeham2e@scribd.com,184.122.199.146
88,Misty,Goodsir,mgoodsir2f@yandex.ru,207.132.35.45
89,Astrid,Highman,ahighman2g@house.gov,50.228.175.39
90,Leupold,Matteris,lmatteris2h@yandex.ru,62.97.163.183
91,Christina,Poynzer,cpoynzer2i@dedecms.com,65.169.17.226
92,Bret,Rouzet,brouzet2j@census.gov,95.171.193.95
93,Sarita,Shard,sshard2k@ameblo.jp,251.93.138.111
94,Katerine,Sommerville,ksommerville2l@xrea.com,146.193.56.190
95,Rockey,Lambertini,rlambertini2m@moonfruit.com,183.5.110.166
96,Cass,Saben,csaben2n@abc.net.au,32.160.136.143
97,Kip,Machin,kmachin2o@histats.com,204.237.28.198
98,Darda,Gavaran,dgavaran2p@hao123.com,66.175.38.225
99,Ayn,Ivasyushkin,aivasyushkin2q@histats.com,225.60.13.14
100,Farris,Windram,fwindram2r@goo.ne.jp,105.254.216.155
101,Randa,Brasener,rbrasener2s@mac.com,5.118.156.146
102,Leanna,Langdridge,llangdridge2t@mashable.com,154.158.117.234
103,Billy,Pizer,bpizer2u@sohu.com,223.251.177.161
104,Colman,Glason,cglason2v@dyndns.org,64.118.56.94
105,Bernarr,Wiggin,bwiggin2w@wikipedia.org,148.191.76.58
106,Kaylyn,David,kdavid2x@joomla.org,87.120.144.115
107,Burlie,Yitzovitz,byitzovitz2y@phoca.cz,222.218.36.181
108,Samantha,Petty,spetty2z@dagondesign.com,162.156.76.56
109,Vanya,Linkin,vlinkin30@yahoo.com,152.249.18.88
110,Dana,Witchard,dwitchard31@kickstarter.com,69.247.248.97
111,Aurora,Bartkowiak,abartkowiak32@goo.gl,84.54.227.224
112,Nedi,Ephson,nephson33@nifty.com,7.14.7.142
113,Chic,Worms,cworms34@npr.org,48.59.162.251
114,Nonie,Belvard,nbelvard35@upenn.edu,31.18.108.73
115,Dorine,Renfield,drenfield36@bluehost.com,94.38.160.193
116,Reilly,Garlette,rgarlette37@sphinn.com,200.153.68.163
117,Lauryn,Filde,lfilde38@desdev.cn,253.234.75.57
118,Tibold,Houldcroft,thouldcroft39@seesaa.net,50.204.201.11
119,Julie,Holehouse,jholehouse3a@csmonitor.com,229.199.172.194
120,Stanleigh,Huckerbe,shuckerbe3b@seattletimes.com,14.150.180.224
121,Rhona,Ferencowicz,rferencowicz3c@livejournal.com,177.211.156.69
122,Carolyne,Parsall,cparsall3d@vkontakte.ru,79.240.57.113
123,Sal,Giocannoni,sgiocannoni3e@hc360.com,113.140.132.22
124,Caz,Badger,cbadger3f@google.fr,43.175.180.49
125,Vlad,Katt,vkatt3g@craigslist.org,192.215.140.132
126,Ardys,Derle,aderle3h@bluehost.com,114.45.40.103
127,Moria,Maciejak,mmaciejak3i@ezinearticles.com,58.255.7.91
128,Max,Ralls,mralls3j@xinhuanet.com,84.189.44.78
129,Sheffield,Drieu,sdrieu3k@about.com,178.106.3.93
130,Nerissa,Birdis,nbirdis3l@tamu.edu,87.138.241.170
131,Bab,Ivankin,bivankin3m@1688.com,180.252.105.91
132,Isidor,Clayden,iclayden3n@prnewswire.com,218.98.143.32
133,Freeman,Showering,fshowering3o@vistaprint.com,200.51.14.18
134,Lilli,Hawksworth,lhawksworth3p@woothemes.com,67.201.118.33
135,Carlynn,Hadgkiss,chadgkiss3q@vistaprint.com,84.46.190.51
136,Dyanna,Southerill,dsoutherill3r@theglobeandmail.com,70.194.63.4
137,Aymer,Cella,acella3s@cnbc.com,43.152.39.56
138,Axel,O'Dee,aodee3t@ca.gov,127.135.232.24
139,Hew,Bason,hbason3u@google.it,125.181.226.135
140,Rochell,Mortell,rmortell3v@taobao.com,224.142.173.79
141,Jo-ann,Dossit,jdossit3w@slate.com,183.73.204.176
142,Maressa,Liven,mliven3x@biglobe.ne.jp,158.212.229.205
143,Tandi,Dearnaly,tdearnaly3y@histats.com,224.47.247.190
144,Luce,Barnson,lbarnson3z@about.me,110.253.117.73
145,Bryan,Slixby,bslixby40@com.com,15.166.230.111
146,Nicholle,Duck,nduck41@opera.com,22.71.43.3
147,Rozamond,Storks,rstorks42@tiny.cc,94.125.179.158
148,Cherri,Sellstrom,csellstrom43@mozilla.org,238.18.177.102
149,Livvy,Perrigo,lperrigo44@youtu.be,236.78.69.104
150,Naomi,Haggis,nhaggis45@elpais.com,151.83.150.50
151,Pearle,Oxtiby,poxtiby46@sitemeter.com,182.129.226.101
152,Thatcher,Arpur,tarpur47@flavors.me,163.171.67.200
153,Bald,Mogie,bmogie48@omniture.com,125.82.55.98
154,Krispin,Eschalotte,keschalotte49@icq.com,137.146.176.118
155,Billie,Pantecost,bpantecost4a@miitbeian.gov.cn,95.242.58.55
156,Gwenneth,Martschik,gmartschik4b@woothemes.com,56.16.117.188
157,Langston,Maris,lmaris4c@squarespace.com,26.160.236.78
158,Denice,Mountlow,dmountlow4d@paypal.com,218.142.101.168
159,Any,Jeness,ajeness4e@discuz.net,204.97.21.237
160,Brooke,Jansky,bjansky4f@wsj.com,35.113.20.98
161,Tierney,Clorley,tclorley4g@cmu.edu,194.49.10.151
162,Foster,Scriver,fscriver4h@va.gov,104.239.240.171
163,Bendix,Blaxill,bblaxill4i@phpbb.com,187.219.185.12
164,Nerissa,Caccavari,ncaccavari4j@examiner.com,235.209.24.129
165,Kaela,Kierans,kkierans4k@buzzfeed.com,129.15.4.243
166,Hill,Doxsey,hdoxsey4l@patch.com,60.2.131.253
167,Lusa,Perago,lperago4m@yale.edu,193.159.196.118
168,Joey,Huckle,jhuckle4n@constantcontact.com,71.238.77.212
169,Paule,Secret,psecret4o@bing.com,160.57.217.225
170,Lyn,Ghidoni,lghidoni4p@toplist.cz,241.98.90.66
171,Chevy,Brecken,cbrecken4q@nps.gov,81.104.127.224
172,Gretta,Kerwick,gkerwick4r@nature.com,108.187.111.228
173,Aliza,Bruneton,abruneton4s@biblegateway.com,210.205.66.104
174,Brenn,Landy,blandy4t@virginia.edu,117.234.2.85
175,Todd,Winwright,twinwright4u@webmd.com,181.63.145.174
176,Linoel,Costello,lcostello4v@jiathis.com,250.54.127.217
177,Clo,Hadeke,chadeke4w@umich.edu,28.179.201.160
178,Derril,Hawk,dhawk4x@bravesites.com,57.2.140.211
179,Isabella,Dockrill,idockrill4y@mashable.com,47.139.225.176
180,Felicio,Seal,fseal4z@gnu.org,43.42.250.145
181,Merilyn,Brettel,mbrettel50@eventbrite.com,242.118.215.239
182,Broderick,Richardet,brichardet51@issuu.com,97.63.52.123
183,Mitzi,Bryceson,mbryceson52@live.com,10.156.94.154
184,Stavros,Glendining,sglendining53@list-manage.com,202.229.177.99
185,Ernesta,Gorden,egorden54@topsy.com,40.149.51.65
186,Mathias,McLevie,mmclevie55@bluehost.com,200.232.31.191
187,Ebenezer,Poff,epoff56@theguardian.com,83.139.148.251
188,Jena,Holt,jholt57@vistaprint.com,46.113.66.85
189,Bessie,Daintrey,bdaintrey58@latimes.com,28.245.201.23
190,Lise,Higford,lhigford59@t.co,230.151.221.84
191,Alexandros,Oxlee,aoxlee5a@cbslocal.com,230.235.133.6
192,Nisse,Dearle-Palser,ndearlepalser5b@cloudflare.com,211.42.228.61
193,Denney,Bulstrode,dbulstrode5c@umn.edu,140.65.254.117
194,Penn,Oswald,poswald5d@eventbrite.com,229.192.74.96
195,Manfred,Elcome,melcome5e@1und1.de,93.247.13.217
196,Shalom,Blethyn,sblethyn5f@sogou.com,245.194.178.190
197,Frayda,Lawrenson,flawrenson5g@behance.net,234.6.162.29
198,Cookie,Ingerfield,cingerfield5h@yolasite.com,133.100.34.236
199,Zorah,Towle,ztowle5i@ow.ly,220.172.169.221
200,Lynn,Amaya,lamaya5j@hubpages.com,197.85.209.147
201,Winny,Taggerty,wtaggerty5k@acquirethisname.com,152.181.199.154
202,Tara,Elcox,telcox5l@surveymonkey.com,195.186.210.193
203,Xylina,Lawlance,xlawlance5m@youtu.be,58.14.78.224
204,Andreas,Treby,atreby5n@mlb.com,175.141.168.177
205,Oralle,Trewman,otrewman5o@live.com,250.208.68.197
206,Joana,Muress,jmuress5p@weather.com,11.227.116.223
207,Chiquita,Bravey,cbravey5q@ucoz.com,14.170.153.48
208,Flint,Quainton,fquainton5r@example.com,154.184.178.203
209,Ashton,Labb,alabb5s@eventbrite.com,236.133.113.103
210,Elsie,Tindall,etindall5t@wordpress.com,54.19.145.91
211,Maura,Fechnie,mfechnie5u@bloglovin.com,61.151.23.23
212,Beltran,Granville,bgranville5v@hc360.com,157.112.187.24
213,Heath,Sor,hsor5w@mysql.com,163.214.65.1
214,Erich,Doubrava,edoubrava5x@opera.com,122.40.147.42
215,Angel,Stinson,astinson5y@marketwatch.com,61.150.218.164
216,Melesa,Sibbe,msibbe5z@jigsy.com,226.46.121.144
217,Cass,Crusham,ccrusham60@altervista.org,39.170.216.108
218,Garrick,Cleugh,gcleugh61@sciencedirect.com,233.189.17.172
219,Brandy,Learoyd,blearoyd62@homestead.com,180.81.102.195
220,Sondra,Casale,scasale63@virginia.edu,64.213.177.176
221,Alyson,Di Giacomettino,adigiacomettino64@gizmodo.com,241.217.226.29
222,Emmerich,Ivic,eivic65@census.gov,71.218.190.91
223,Hilde,Allport,hallport66@opensource.org,91.96.207.161
224,Shana,Aloshechkin,saloshechkin67@elegantthemes.com,7.82.69.105
225,Andre,Scheffel,ascheffel68@wp.com,83.11.113.235
226,Jaye,Kures,jkures69@discovery.com,51.175.125.28
227,Mirilla,Scarr,mscarr6a@51.la,85.19.140.195
228,Keith,Coucha,kcoucha6b@example.com,139.182.220.186
229,Dee dee,Pesticcio,dpesticcio6c@de.vu,222.137.114.247
230,Celia,Mulles,cmulles6d@fc2.com,131.201.233.65
231,Matt,Hannum,mhannum6e@skype.com,35.224.248.251
232,Tammy,Keningley,tkeningley6f@fda.gov,223.103.190.134
233,Toddie,Heeps,theeps6g@thetimes.co.uk,66.211.90.73
234,Ignatius,Leaming,ileaming6h@comcast.net,125.139.233.164
235,Tresa,Wynter,twynter6i@deliciousdays.com,22.189.184.180
236,Maurine,Trubshaw,mtrubshaw6j@lulu.com,197.53.58.69
237,Marleah,Catherick,mcatherick6k@ucoz.ru,252.166.96.105
238,Ivonne,Bence,ibence6l@wix.com,104.68.141.79
239,Malvina,Brimson,mbrimson6m@soup.io,99.237.45.197
240,Jo,Strettell,jstrettell6n@tinypic.com,170.110.1.57
241,Monty,MacLaverty,mmaclaverty6o@washingtonpost.com,223.196.30.129
242,Fremont,Clemerson,fclemerson6p@yellowpages.com,196.28.100.248
243,Carny,Letessier,cletessier6q@exblog.jp,28.52.169.53
244,Phaedra,Ateridge,pateridge6r@gizmodo.com,165.225.98.185
245,Karen,Archard,karchard6s@who.int,254.237.34.5
246,Benedikt,Topaz,btopaz6t@bluehost.com,180.142.172.59
247,Jose,Duckett,jduckett6u@answers.com,5.249.179.95
248,Barty,Rawll,brawll6v@t.co,167.96.119.122
249,Anabal,Penticost,apenticost6w@github.io,72.164.246.239
250,Agace,Canner,acanner6x@dagondesign.com,221.15.183.77
251,Alli,Michieli,amichieli6y@youku.com,186.183.159.201
252,Gideon,Linwood,glinwood6z@yandex.ru,153.212.47.139
253,Conchita,Longman,clongman70@yolasite.com,143.49.241.78
254,Boris,Betje,bbetje71@dell.com,76.145.37.49
255,Erica,Usborn,eusborn72@nyu.edu,30.7.211.195
256,Basilio,Karpychev,bkarpychev73@t-online.de,231.194.219.20
257,Christin,Bruyns,cbruyns74@craigslist.org,155.103.182.235
258,Reggy,Dack,rdack75@businessinsider.com,167.39.54.238
259,Daisey,Phelip,dphelip76@qq.com,202.95.8.232
260,Lyndy,Houldin,lhouldin77@dailymotion.com,32.234.2.222
261,Rosamond,Kernan,rkernan78@blogs.com,217.120.224.60
262,Doretta,Enevold,denevold79@t.co,214.37.136.115
263,Inness,Holah,iholah7a@salon.com,181.189.84.170
264,Pamela,McNeish,pmcneish7b@feedburner.com,166.76.11.54
265,Titus,Amiranda,tamiranda7c@slashdot.org,58.174.39.185
266,Avril,Churchman,achurchman7d@ifeng.com,77.76.135.162
267,Evy,Firsby,efirsby7e@businessinsider.com,43.110.33.226
268,Aline,Bellino,abellino7f@csmonitor.com,148.143.68.206
269,Anetta,St Ange,astange7g@networksolutions.com,68.190.28.138
270,Emmaline,Tuckerman,etuckerman7h@eventbrite.com,100.92.177.18
271,Kat,Meiningen,kmeiningen7i@yellowpages.com,50.86.155.184
272,Rabi,Ivanyushin,rivanyushin7j@vimeo.com,254.143.211.88
273,Roseann,Mastrantone,rmastrantone7k@newyorker.com,247.53.147.227
274,Nico,Caddell,ncaddell7l@scribd.com,159.16.216.240
275,Lin,Pollicote,lpollicote7m@businesswire.com,84.130.20.173
276,Sally,Bewsy,sbewsy7n@amazonaws.com,182.237.217.248
277,Harland,Fewtrell,hfewtrell7o@people.com.cn,182.248.83.89
278,Genevra,Alekseicik,galekseicik7p@telegraph.co.uk,147.43.77.86
279,Harriet,Francie,hfrancie7q@ihg.com,101.250.239.78
280,Denise,Clegg,dclegg7r@blogger.com,240.155.49.46
281,Carlyn,Strafen,cstrafen7s@nsw.gov.au,199.214.14.232
282,Klemens,Venables,kvenables7t@pbs.org,148.15.15.121
283,Rossy,Middle,rmiddle7u@xrea.com,229.202.149.209
284,Emiline,Brownbridge,ebrownbridge7v@unblog.fr,249.116.47.50
285,Boy,Buggs,bbuggs7w@angelfire.com,187.139.135.129
286,Irina,Goldsby,igoldsby7x@whitehouse.gov,235.74.139.182
287,Bondy,Ybarra,bybarra7y@gizmodo.com,189.119.46.161
288,Wilfred,Skentelbury,wskentelbury7z@engadget.com,169.201.226.248
289,Lesley,Normavell,lnormavell80@marriott.com,37.81.148.145
290,Etti,Leader,eleader81@dell.com,171.166.43.91
291,Dani,Kloster,dkloster82@jugem.jp,53.11.246.190
292,Rodolph,Henrichs,rhenrichs83@a8.net,170.183.212.220
293,Rodolphe,Howsan,rhowsan84@bing.com,120.240.126.135
294,Taite,Mapstone,tmapstone85@simplemachines.org,202.164.182.35
295,Sybille,Treneer,streneer86@goo.ne.jp,70.172.4.96
296,Scarface,Bellard,sbellard87@free.fr,238.60.186.42
297,Morena,Biddle,mbiddle88@webeden.co.uk,133.28.192.253
298,Sindee,Hansley,shansley89@nytimes.com,133.248.80.47
299,Philippa,Roscamps,proscamps8a@edublogs.org,64.150.115.205
300,Gay,Antoniottii,gantoniottii8b@goo.ne.jp,117.107.212.240
301,Loralie,Widdowfield,lwiddowfield8c@friendfeed.com,138.6.252.95
302,Hailee,Tabb,htabb8d@sina.com.cn,74.79.41.246
303,Normand,Janousek,njanousek8e@illinois.edu,158.176.108.93
304,Bealle,Dillestone,bdillestone8f@issuu.com,172.143.145.223
305,Alexis,Trowle,atrowle8g@sitemeter.com,83.213.70.3
306,Harman,Seabourne,hseabourne8h@sciencedaily.com,57.196.33.189
307,Haskel,Hinks,hhinks8i@cocolog-nifty.com,86.118.39.105
308,Reynold,Lockier,rlockier8j@altervista.org,240.252.185.62
309,Madelaine,Barsby,mbarsby8k@github.com,250.161.58.35
310,Constance,Noquet,cnoquet8l@epa.gov,206.135.44.5
311,Asa,Stovine,astovine8m@tripod.com,96.50.159.61
312,Dorothee,Stanbridge,dstanbridge8n@ycombinator.com,5.57.133.127
313,Bradney,Couper,bcouper8o@bizjournals.com,125.36.158.133
314,Mayne,Verduin,mverduin8p@amazon.de,92.64.40.134
315,Robin,Milland,rmilland8q@hud.gov,164.221.140.83
316,Skelly,Oakwell,soakwell8r@cisco.com,241.46.235.62
317,Quincy,Eiler,qeiler8s@google.ru,244.189.55.192
318,Ely,Ellice,eellice8t@posterous.com,42.254.44.128
319,Felita,Schrei,fschrei8u@altervista.org,4.86.186.79
320,Emelda,Eaton,eeaton8v@feedburner.com,90.11.232.183
321,Gaile,Abram,gabram8w@mozilla.com,9.167.181.109
322,Masha,Quittonden,mquittonden8x@gov.uk,241.154.239.58
323,Charin,Leisman,cleisman8y@blog.com,230.53.22.20
324,Woodie,Tinston,wtinston8z@ca.gov,49.105.117.245
325,Almeda,Goodisson,agoodisson90@discuz.net,98.36.153.33
326,Nealson,Daborn,ndaborn91@oakley.com,50.222.41.181
327,Alvera,See,asee92@etsy.com,99.162.245.36
328,Candida,Hassent,chassent93@unesco.org,172.238.50.233
329,Barbee,Breffitt,bbreffitt94@guardian.co.uk,76.13.31.122
330,Waylan,Popplestone,wpopplestone95@123-reg.co.uk,193.191.22.112
331,Tine,Faulconbridge,tfaulconbridge96@cnbc.com,49.164.90.174
332,Norris,Waddilow,nwaddilow97@google.de,246.98.242.96
333,Margaux,Aymeric,maymeric98@goo.ne.jp,14.123.7.85
334,Sherlocke,Kennaird,skennaird99@un.org,40.192.159.170
335,Meagan,Laslett,mlaslett9a@microsoft.com,58.85.135.76
336,Karie,Macconachy,kmacconachy9b@dmoz.org,103.74.243.25
337,Danielle,Francie,dfrancie9c@deviantart.com,161.172.169.34
338,Murry,Elson,melson9d@opera.com,165.249.241.123
339,Juline,Newlands,jnewlands9e@redcross.org,220.231.149.45
340,Gare,Hunstone,ghunstone9f@tripod.com,246.224.152.201
341,Demetri,Pietrzyk,dpietrzyk9g@pagesperso-orange.fr,35.254.248.60
342,Cicely,Fawlo,cfawlo9h@illinois.edu,38.85.39.212
343,Adan,Ransbury,aransbury9i@techcrunch.com,203.248.96.219
344,Rudolf,Bussell,rbussell9j@zimbio.com,91.159.150.180
345,Bernette,Petrozzi,bpetrozzi9k@wsj.com,77.176.244.239
346,Florette,Eliaz,feliaz9l@yale.edu,28.91.152.208
347,Crystie,Morrill,cmorrill9m@skype.com,228.84.173.109
348,Loydie,Arnfield,larnfield9n@wix.com,52.85.208.26
349,Anton,Pettinger,apettinger9o@liveinternet.ru,130.154.172.212
350,Jameson,Towse,jtowse9p@dell.com,128.143.194.199
351,Vikki,Barkhouse,vbarkhouse9q@1und1.de,95.74.87.80
352,Wolfy,Bindon,wbindon9r@jiathis.com,23.215.31.48
353,Hall,MacCole,hmaccole9s@ftc.gov,102.121.11.16
354,Cissiee,Megahey,cmegahey9t@istockphoto.com,154.94.141.207
355,Vanya,Rizzardi,vrizzardi9u@soup.io,127.220.139.77
356,Dot,de Aguirre,ddeaguirre9v@comcast.net,102.56.18.151
357,Yuma,Foker,yfoker9w@sitemeter.com,232.61.207.87
358,Goldy,Sargerson,gsargerson9x@163.com,120.120.183.90
359,Candis,Licari,clicari9y@bloglovin.com,20.25.203.101
360,Alanson,Kenningley,akenningley9z@weather.com,191.77.180.211
361,Waite,Sitwell,wsitwella0@biblegateway.com,115.197.156.74
362,Sebastian,Meininger,smeiningera1@wordpress.com,133.239.151.246
363,Daune,Augustine,daugustinea2@mapy.cz,78.193.231.125
364,Ashlen,Randalson,arandalsona3@vk.com,68.179.227.137
365,Alane,Murison,amurisona4@state.tx.us,116.187.101.106
366,Winny,Shore,wshorea5@archive.org,85.60.64.93
367,Betsey,Brinicombe,bbrinicombea6@parallels.com,173.212.121.244
368,Taber,Langhorn,tlanghorna7@seattletimes.com,141.180.22.21
369,Allayne,Shaves,ashavesa8@miibeian.gov.cn,93.247.24.60
370,Forrester,Merida,fmeridaa9@ihg.com,80.163.223.98
371,Ursuline,McGeagh,umcgeaghaa@cbc.ca,109.124.147.89
372,Ekaterina,Armitage,earmitageab@reference.com,117.58.163.3
373,Leeann,Schurig,lschurigac@creativecommons.org,100.145.172.110
374,Bettine,Lohering,bloheringad@chronoengine.com,175.221.165.28
375,Kevon,Fold,kfoldae@chronoengine.com,166.118.242.240
376,Camile,Bratch,cbratchaf@reuters.com,43.144.45.34
377,Felice,Showell,fshowellag@alexa.com,198.105.190.44
378,Jeanna,Kennham,jkennhamah@fastcompany.com,240.195.147.173
379,Stirling,Gosnoll,sgosnollai@digg.com,97.201.78.193
380,Kellen,Clemendet,kclemendetaj@tinyurl.com,158.80.43.121
381,Baxy,Leere,bleereak@icq.com,155.244.138.228
382,Emili,Leman,elemanal@csmonitor.com,146.10.113.63
383,Barris,Foyle,bfoyleam@pagesperso-orange.fr,46.12.68.80
384,Kevan,Champe,kchampean@bloglines.com,151.53.127.233
385,Maximo,Garric,mgarricao@smh.com.au,44.19.141.214
386,Darill,Kyffin,dkyffinap@comsenz.com,103.170.37.166
387,Tiebout,Gibbard,tgibbardaq@skype.com,204.142.101.67
388,Terry,Mutton,tmuttonar@vimeo.com,194.244.244.62
389,Cymbre,Cothey,ccotheyas@wix.com,45.73.177.20
390,Esdras,Brabon,ebrabonat@scribd.com,147.199.199.50
391,Rodrigo,Padbery,rpadberyau@huffingtonpost.com,197.64.136.138
392,Giles,Guilloux,gguillouxav@theglobeandmail.com,34.184.234.198
393,Franchot,Fairpool,ffairpoolaw@gravatar.com,152.226.221.247
394,Luelle,Watman,lwatmanax@google.nl,107.110.57.138
395,Gran,Allmann,gallmannay@epa.gov,145.172.85.192
396,Neile,Mahedy,nmahedyaz@istockphoto.com,32.230.16.8
397,Charlton,MacConchie,cmacconchieb0@pinterest.com,65.85.35.3
398,Bethanne,Van der Daal,bvanderdaalb1@rediff.com,170.174.43.71
399,Gilberta,Ingliss,ginglissb2@baidu.com,157.94.77.153
400,Cullie,Mc Meekin,cmcmeekinb3@moonfruit.com,114.180.149.100
401,Les,Darragon,ldarragonb4@examiner.com,72.109.244.142
402,Tilly,Vermer,tvermerb5@stanford.edu,220.155.49.229
403,Nari,Burnitt,nburnittb6@techcrunch.com,19.176.232.121
404,Kamillah,Maypes,kmaypesb7@histats.com,19.232.210.124
405,Pyotr,Queste,pquesteb8@youtu.be,31.214.237.2
406,Scot,Filtness,sfiltnessb9@bbb.org,82.20.96.199
407,Charin,Shewon,cshewonba@wunderground.com,91.160.184.106
408,Vallie,Romanski,vromanskibb@nps.gov,51.117.79.200
409,Judi,Ruthven,jruthvenbc@simplemachines.org,81.57.186.234
410,Aloisia,Gaspar,agasparbd@hp.com,172.191.135.77
411,Caril,Nowak,cnowakbe@reference.com,64.70.248.216
412,Rosalinde,Bertie,rbertiebf@va.gov,165.226.143.11
413,Zebadiah,Iacivelli,ziacivellibg@nifty.com,119.103.54.211
414,Luigi,Montford,lmontfordbh@privacy.gov.au,195.160.74.12
415,Morgen,Fairhall,mfairhallbi@jugem.jp,37.207.158.41
416,Bel,Alessandrini,balessandrinibj@cloudflare.com,114.165.125.210
417,Robers,Coult,rcoultbk@merriam-webster.com,0.61.145.199
418,Rozanne,Dixon,rdixonbl@mashable.com,141.179.68.84
419,Ruprecht,Glynn,rglynnbm@feedburner.com,202.38.135.32
420,Amil,Duchatel,aduchatelbn@123-reg.co.uk,186.69.199.179
421,Pietrek,Yakob,pyakobbo@t.co,175.74.149.223
422,Conny,Jamson,cjamsonbp@github.com,31.186.126.113
423,Malvina,Klimowicz,mklimowiczbq@vistaprint.com,225.122.228.236
424,Brandy,Sinnock,bsinnockbr@businessweek.com,58.65.83.33
425,Thane,Bauckham,tbauckhambs@umn.edu,177.167.103.27
426,Alexandr,Please,apleasebt@github.com,67.207.39.21
427,Eleonora,Kenan,ekenanbu@stumbleupon.com,76.104.176.159
428,Ellary,O'Sheerin,eosheerinbv@eepurl.com,247.74.78.237
429,Caralie,Casbon,ccasbonbw@wix.com,11.25.84.131
430,Tybie,Janodet,tjanodetbx@pinterest.com,57.110.176.32
431,Gherardo,Pembery,gpemberyby@oaic.gov.au,19.187.3.108
432,Ernesta,O'Clery,eoclerybz@macromedia.com,63.114.149.146
433,Amil,Alltimes,aalltimesc0@hatena.ne.jp,154.60.94.156
434,Augustine,Affleck,aaffleckc1@time.com,99.190.88.124
435,Roby,Baterip,rbateripc2@fotki.com,28.94.137.141
436,Ann,Piccop,apiccopc3@shop-pro.jp,121.56.177.52
437,Joscelin,Feldheim,jfeldheimc4@bloglovin.com,58.251.73.231
438,Axe,Oakenfield,aoakenfieldc5@freewebs.com,2.7.52.144
439,Andrej,Snelson,asnelsonc6@cam.ac.uk,146.80.67.129
440,Elke,Snary,esnaryc7@51.la,227.8.165.70
441,Selig,Hamerton,shamertonc8@unicef.org,40.169.79.136
442,Aymer,Spyer,aspyerc9@usatoday.com,168.32.16.18
443,Marcel,Yakob,myakobca@admin.ch,92.10.15.24
444,Corbin,Sommerton,csommertoncb@psu.edu,122.74.60.103
445,Evy,Kettleson,ekettlesoncc@tamu.edu,90.82.23.25
446,Honoria,Fogarty,hfogartycd@fema.gov,224.104.224.59
447,Brear,Itzakovitz,bitzakovitzce@about.com,51.115.16.159
448,Kally,Daton,kdatoncf@upenn.edu,254.240.83.70
449,Baldwin,Firbanks,bfirbankscg@buzzfeed.com,109.226.157.208
450,Stefania,Maple,smaplech@cbsnews.com,142.106.139.98
451,Shaun,Smaile,ssmaileci@ezinearticles.com,28.180.28.73
452,Galvin,Burdfield,gburdfieldcj@oaic.gov.au,251.195.96.98
453,Agata,Nani,ananick@posterous.com,239.161.208.33
454,Deerdre,Edgeson,dedgesoncl@360.cn,129.36.164.56
455,Etti,Trawin,etrawincm@senate.gov,15.33.5.117
456,Wallas,Linner,wlinnercn@people.com.cn,147.204.254.185
457,Noelle,Wabb,nwabbco@sfgate.com,8.135.141.112
458,Emelia,Toothill,etoothillcp@issuu.com,116.170.187.183
459,Juli,Borrett,jborrettcq@biglobe.ne.jp,73.175.60.121
460,Gannie,Andrejs,gandrejscr@nba.com,55.11.215.18
461,Goldy,Colt,gcoltcs@studiopress.com,129.140.115.77
462,Doralynne,Bedow,dbedowct@bbc.co.uk,221.176.222.28
463,Rochester,Cuningham,rcuninghamcu@zdnet.com,176.4.238.143
464,Claudian,Lantry,clantrycv@ovh.net,6.73.67.85
465,Pepi,Edwardson,pedwardsoncw@jimdo.com,49.30.119.129
466,Vida,Doorly,vdoorlycx@theatlantic.com,189.159.40.216
467,Mauricio,Spacy,mspacycy@hc360.com,189.184.203.190
468,Marcelo,Edser,medsercz@zdnet.com,155.148.107.145
469,Jonathan,Fullerlove,jfullerloved0@auda.org.au,244.99.146.26
470,Nikola,Bonefant,nbonefantd1@weather.com,152.253.231.150
471,Leyla,Lauder,llauderd2@redcross.org,47.230.175.165
472,Jarvis,Kamena,jkamenad3@ucla.edu,247.130.7.119
473,Elana,MacKean,emackeand4@columbia.edu,9.12.185.81
474,Teodoor,Attride,tattrided5@deviantart.com,7.107.68.88
475,Nickie,Jankin,njankind6@oaic.gov.au,113.128.182.18
476,Ivonne,Grahlmans,igrahlmansd7@si.edu,191.98.249.248
477,Hedy,Dwerryhouse,hdwerryhoused8@noaa.gov,199.218.208.188
478,Nelli,Desesquelle,ndesesquelled9@jigsy.com,161.248.117.215
479,Wittie,Cramphorn,wcramphornda@psu.edu,149.250.190.112
480,Kendall,Tuckey,ktuckeydb@github.com,139.222.144.88
481,Jim,Rummin,jrummindc@example.com,191.164.248.229
482,Cecelia,Akhurst,cakhurstdd@reference.com,252.162.127.116
483,Rivkah,Carillo,rcarillode@spiegel.de,99.239.183.75
484,Konstanze,Shewen,kshewendf@hugedomains.com,134.7.42.238
485,Cedric,Fautly,cfautlydg@prweb.com,7.169.190.73
486,Tully,Malcolm,tmalcolmdh@de.vu,245.18.181.123
487,Miller,Westnedge,mwestnedgedi@engadget.com,106.180.158.157
488,Dita,Jakeway,djakewaydj@bbc.co.uk,71.48.106.130
489,Emlynn,Volke,evolkedk@tripadvisor.com,202.84.138.216
490,Ainslee,Rowbottom,arowbottomdl@rediff.com,163.179.90.210
491,Alejandrina,Falk,afalkdm@youtu.be,34.122.247.210
492,Doti,Coburn,dcoburndn@gmpg.org,118.39.249.61
493,Parker,Gadd,pgadddo@google.es,153.172.9.131
494,Amii,Pestell,apestelldp@buzzfeed.com,84.185.57.101
495,Enoch,Meneyer,emeneyerdq@sciencedirect.com,4.154.121.67
496,Oren,Kilty,okiltydr@hc360.com,183.115.253.252
497,Evelyn,Boles,ebolesds@purevolume.com,73.122.39.34
498,Daveta,Phebee,dphebeedt@ehow.com,164.116.255.49
499,Jenna,Nineham,jninehamdu@telegraph.co.uk,137.42.176.239
500,Letti,Pavlik,lpavlikdv@ucoz.com,252.193.128.162
501,Ben,Largan,blargandw@angelfire.com,35.150.239.189
502,Kylie,Halfacre,khalfacredx@shop-pro.jp,92.161.156.75
503,Fremont,Ibarra,fibarrady@google.com.br,24.251.70.137
504,Quintana,Strete,qstretedz@cnbc.com,216.143.203.201
505,See,Grigoletti,sgrigolettie0@apache.org,98.151.203.226
506,Zelig,Managh,zmanaghe1@ustream.tv,145.120.32.24
507,Jasen,Scamel,jscamele2@ucoz.ru,167.130.82.136
508,Winni,Weightman,wweightmane3@ning.com,86.255.215.70
509,Sinclare,Spillard,sspillarde4@wsj.com,114.21.114.203
510,Myrwyn,Pauncefoot,mpauncefoote5@qq.com,88.247.206.234
511,Marijo,Weedenburg,mweedenburge6@indiatimes.com,224.32.77.102
512,Kaleb,Boriston,kboristone7@nationalgeographic.com,155.76.158.207
513,Danny,Allinson,dallinsone8@cyberchimps.com,62.120.16.102
514,Axel,Shernock,ashernocke9@imageshack.us,47.241.156.69
515,Burtie,Castleton,bcastletonea@goo.ne.jp,34.89.160.49
516,Rutherford,Bonson,rbonsoneb@woothemes.com,64.170.153.138
517,Costa,Mortlock,cmortlockec@bigcartel.com,230.246.177.159
518,Elva,Mandel,emandeled@weebly.com,160.157.28.171
519,Nessi,Damp,ndampee@google.co.jp,130.58.222.154
520,Mollee,Ellicombe,mellicombeef@ibm.com,84.14.175.95
521,Val,Arnao,varnaoeg@oaic.gov.au,153.237.99.252
522,Cristina,Axon,caxoneh@macromedia.com,113.199.177.221
523,Alfi,Mundee,amundeeei@bigcartel.com,254.149.21.123
524,Pennie,Readshaw,preadshawej@cafepress.com,99.52.25.7
525,Charin,Mityakov,cmityakovek@plala.or.jp,247.188.230.122
526,Abagail,Mallan,amallanel@tumblr.com,116.120.73.84
527,Moreen,Mulcaster,mmulcasterem@scribd.com,50.126.101.38
528,Georgine,Basili,gbasilien@google.pl,192.246.69.119
529,Raynell,Capini,rcapinieo@nature.com,65.237.10.13
530,Eadmund,Penson,epensonep@cargocollective.com,40.205.91.6
531,Cale,Bibby,cbibbyeq@seattletimes.com,72.68.88.239
532,Theresina,Pershouse,tpershouseer@answers.com,168.116.46.177
533,Gates,Waumsley,gwaumsleyes@oracle.com,157.21.24.194
534,Jessalin,Keel,jkeelet@edublogs.org,83.88.124.66
535,Silvain,McTerrelly,smcterrellyeu@de.vu,80.9.178.176
536,Alie,Mabson,amabsonev@issuu.com,64.199.202.102
537,Bobette,Portail,bportailew@people.com.cn,50.168.11.143
538,Lethia,La Padula,llapadulaex@reverbnation.com,142.92.172.101
539,Sibyl,Tidman,stidmaney@cloudflare.com,32.212.55.225
540,Spencer,Seel,sseelez@dedecms.com,92.4.236.249
541,Brandtr,Baldcock,bbaldcockf0@t-online.de,60.25.36.134
542,Rafe,Trowl,rtrowlf1@noaa.gov,187.73.238.224
543,Eada,Lukas,elukasf2@go.com,115.128.217.254
544,Durant,Epton,deptonf3@istockphoto.com,140.168.120.209
545,Janek,Barber,jbarberf4@smh.com.au,0.119.114.148
546,Philip,Randalston,prandalstonf5@reference.com,193.239.94.237
547,Rosita,Starbeck,rstarbeckf6@columbia.edu,122.215.22.35
548,Foss,Stuehmeier,fstuehmeierf7@hao123.com,64.68.8.25
549,Berne,Glassard,bglassardf8@kickstarter.com,30.29.241.241
550,Ardene,Steutly,asteutlyf9@feedburner.com,229.22.84.24
551,Harley,Mailey,hmaileyfa@goo.ne.jp,57.178.4.29
552,Gianina,Copeland,gcopelandfb@paginegialle.it,23.207.238.245
553,Lee,Rutherforth,lrutherforthfc@shop-pro.jp,197.189.163.111
554,Loutitia,Bernardes,lbernardesfd@bbb.org,81.153.250.202
555,Anatole,Teffrey,ateffreyfe@dion.ne.jp,41.205.186.152
556,Cora,Murty,cmurtyff@fotki.com,166.98.66.218
557,Elena,Lesor,elesorfg@illinois.edu,76.120.103.231
558,Ingamar,Churchlow,ichurchlowfh@linkedin.com,78.202.180.163
559,Yasmeen,Cookson,ycooksonfi@umn.edu,80.232.58.246
560,Felice,Dumke,fdumkefj@alibaba.com,54.247.88.16
561,Arlie,Moyer,amoyerfk@usa.gov,35.245.2.159
562,Jerry,Binge,jbingefl@hubpages.com,143.64.194.82
563,Matias,Drinkall,mdrinkallfm@pbs.org,171.83.45.92
564,Skippie,McRorie,smcroriefn@imgur.com,58.37.76.255
565,Debi,Searle,dsearlefo@nymag.com,38.138.43.75
566,Sylvia,Detoc,sdetocfp@admin.ch,130.94.107.61
567,Bearnard,Tennant,btennantfq@stumbleupon.com,83.202.15.134
568,Guido,Bletcher,gbletcherfr@altervista.org,96.108.199.57
569,Mervin,Camings,mcamingsfs@redcross.org,127.93.217.9
570,Vito,Kingman,vkingmanft@live.com,70.188.103.101
571,George,Jeste,gjestefu@vimeo.com,191.167.136.125
572,Krystyna,Jeanneau,kjeanneaufv@newsvine.com,72.108.109.103
573,Kettie,Sparrowe,ksparrowefw@canalblog.com,125.154.67.93
574,Cy,Sykora,csykorafx@google.com.au,233.167.35.190
575,Zach,Filshin,zfilshinfy@surveymonkey.com,169.10.87.120
576,Barbra,Appleton,bappletonfz@myspace.com,107.91.121.249
577,Sharline,Cuffin,scuffing0@storify.com,202.186.59.239
578,Bertie,Bette,bbetteg1@china.com.cn,137.184.137.223
579,Marya,Fernandez,mfernandezg2@webnode.com,251.172.7.169
580,Marcelo,Scrancher,mscrancherg3@merriam-webster.com,52.122.246.41
581,Trude,Clutton,tcluttong4@desdev.cn,234.226.84.168
582,Sunny,Levane,slevaneg5@flavors.me,120.210.183.231
583,Vaclav,Rushmare,vrushmareg6@senate.gov,107.138.224.199
584,Rozalie,Flieger,rfliegerg7@sakura.ne.jp,164.150.201.76
585,Filberte,Ewbanck,fewbanckg8@comcast.net,134.37.158.22
586,Gnni,Quadrio,gquadriog9@uiuc.edu,29.197.243.49
587,Melisse,Sproat,msproatga@army.mil,144.59.240.70
588,Dotti,Lissemore,dlissemoregb@tripod.com,124.98.209.153
589,Corny,Leimster,cleimstergc@yolasite.com,230.14.228.149
590,Manny,Lochead,mlocheadgd@meetup.com,14.132.180.56
591,Camellia,Pickersgill,cpickersgillge@bandcamp.com,237.69.37.59
592,Octavius,Noden,onodengf@hexun.com,82.14.234.39
593,Frankie,Galletly,fgalletlygg@angelfire.com,118.25.198.111
594,Marty,Moffatt,mmoffattgh@geocities.jp,108.47.185.21
595,Andree,Breston,abrestongi@cocolog-nifty.com,96.95.94.173
596,Tamara,Arens,tarensgj@edublogs.org,99.234.157.182
597,Farleigh,Knocker,fknockergk@deviantart.com,99.210.25.147
598,Betta,Baggarley,bbaggarleygl@reference.com,144.223.252.43
599,Orin,Warlowe,owarlowegm@artisteer.com,236.222.220.183
600,Thebault,Eglaise,teglaisegn@blog.com,173.168.37.139
601,Elyn,Rosenbush,erosenbushgo@shop-pro.jp,68.28.242.198
602,Isabelle,Beaten,ibeatengp@taobao.com,248.168.121.54
603,Brock,Rattry,brattrygq@un.org,73.152.2.191
604,Brigid,Bath,bbathgr@cnet.com,175.105.230.150
605,Audre,Bau,abaugs@upenn.edu,70.69.78.22
606,Kaiser,Dutchburn,kdutchburngt@berkeley.edu,49.130.91.136
607,Marge,Tombs,mtombsgu@yellowbook.com,136.179.155.14
608,Nisse,Edmons,nedmonsgv@acquirethisname.com,139.82.20.43
609,Annalise,Tudhope,atudhopegw@ucla.edu,78.144.220.146
610,Heindrick,Isakowicz,hisakowiczgx@samsung.com,67.116.179.135
611,Adrian,Inkle,ainklegy@ehow.com,191.137.163.173
612,Killian,Kaasman,kkaasmangz@aboutads.info,195.155.237.57
613,Bentley,Cauldfield,bcauldfieldh0@goo.ne.jp,26.123.182.78
614,Edgar,Nevins,enevinsh1@symantec.com,90.25.11.119
615,Joceline,Szach,jszachh2@cdbaby.com,37.103.165.189
616,Twyla,Meagh,tmeaghh3@google.ca,241.26.211.16
617,Melvin,Strevens,mstrevensh4@dot.gov,64.189.69.52
618,Carling,Otley,cotleyh5@irs.gov,19.111.241.198
619,Valeria,Tull,vtullh6@4shared.com,33.6.188.55
620,Bertie,Naish,bnaishh7@fda.gov,148.180.147.116
621,Wang,Meaton,wmeatonh8@slashdot.org,230.52.167.150
622,Bail,Cutriss,bcutrissh9@home.pl,56.175.190.71
623,Harley,Mazey,hmazeyha@mozilla.org,193.123.63.202
624,Anson,Deveral,adeveralhb@naver.com,95.38.20.71
625,Gabie,Scahill,gscahillhc@senate.gov,68.226.206.155
626,Gerti,Habbershon,ghabbershonhd@jugem.jp,177.184.181.74
627,Odelinda,Arnowitz,oarnowitzhe@godaddy.com,153.89.75.98
628,Olag,Maggi,omaggihf@walmart.com,151.166.131.124
629,Marwin,Lasslett,mlassletthg@phoca.cz,89.130.225.219
630,Meridel,Claris,mclarishh@lycos.com,239.214.119.97
631,Beilul,Beckles,bbeckleshi@gov.uk,95.68.110.251
632,Ami,Pawelek,apawelekhj@virginia.edu,84.230.166.32
633,Richmound,Pilipyak,rpilipyakhk@istockphoto.com,44.43.173.192
634,Gabie,Sellar,gsellarhl@google.ru,48.49.248.104
635,Madlen,Geldard,mgeldardhm@imdb.com,119.231.66.206
636,Gladi,Aitken,gaitkenhn@opera.com,206.72.90.169
637,Antoine,Bentson,abentsonho@house.gov,191.172.177.3
638,Shepperd,Thomassen,sthomassenhp@princeton.edu,109.46.11.21
639,Othilie,Kettell,okettellhq@jalbum.net,26.243.111.85
640,Myrah,Wilford,mwilfordhr@cnn.com,253.227.72.12
641,Candie,Down,cdownhs@omniture.com,60.223.251.57
642,Merill,Gullis,mgullisht@va.gov,174.70.113.242
643,Harriett,Tarburn,htarburnhu@vk.com,25.50.155.138
644,Herby,Vanin,hvaninhv@accuweather.com,188.185.212.61
645,Sophia,Soles,ssoleshw@usatoday.com,238.224.27.234
646,Klement,Attewell,kattewellhx@telegraph.co.uk,178.5.14.43
647,Rayna,Danieli,rdanielihy@elegantthemes.com,112.151.40.137
648,Neely,Gives,ngiveshz@go.com,8.59.64.178
649,Dom,Hernik,dherniki0@bbc.co.uk,36.124.224.130
650,Consuela,Frantsev,cfrantsevi1@yellowpages.com,119.34.76.34
651,Heidie,Tysall,htysalli2@wikipedia.org,221.8.197.209
652,Tristam,Jaksic,tjaksici3@seesaa.net,211.84.168.250
653,Eachelle,Hartright,ehartrighti4@wordpress.org,60.112.23.184
654,Marylynne,Bode,mbodei5@eepurl.com,50.249.247.67
655,Sheilakathryn,Fydoe,sfydoei6@gov.uk,58.244.75.108
656,Manolo,Eberlein,meberleini7@pinterest.com,132.62.130.254
657,Erinna,Chadbourne,echadbournei8@youtu.be,89.117.173.122
658,Gillan,Pask,gpaski9@nydailynews.com,166.171.172.107
659,Cos,Burge,cburgeia@slashdot.org,2.148.5.56
660,Penn,Edelman,pedelmanib@blogtalkradio.com,49.157.202.252
661,Juliana,Lowers,jlowersic@behance.net,227.19.212.227
662,Galvin,Godding,ggoddingid@blogs.com,8.202.232.67
663,Persis,Onge,pongeie@timesonline.co.uk,68.48.100.81
664,Neville,Crighten,ncrightenif@yandex.ru,178.203.80.18
665,Sydney,Gibling,sgiblingig@google.com,201.44.241.229
666,Hube,Corp,hcorpih@wunderground.com,57.166.156.114
667,Cornie,Hearty,cheartyii@bloomberg.com,11.249.66.114
668,Emmeline,Norley,enorleyij@house.gov,143.30.0.11
669,Hastings,Julian,hjulianik@kickstarter.com,128.149.44.88
670,Dilan,Stivani,dstivaniil@macromedia.com,44.250.138.36
671,Sheff,Irvine,sirvineim@fotki.com,236.175.89.103
672,Jasun,Adiscot,jadiscotin@npr.org,151.48.10.25
673,Giacomo,Oakenfall,goakenfallio@wunderground.com,137.210.214.170
674,Valli,Gravet,vgravetip@miitbeian.gov.cn,109.67.76.17
675,Vilhelmina,Coltart,vcoltartiq@unicef.org,192.20.31.182
676,Orella,Points,opointsir@mozilla.org,223.161.38.253
677,Durand,Faveryear,dfaveryearis@pinterest.com,67.249.153.89
678,Marci,Bamborough,mbamboroughit@fastcompany.com,35.217.79.89
679,Elana,Kitching,ekitchingiu@biglobe.ne.jp,162.85.159.172
680,Corabella,Sharnock,csharnockiv@cloudflare.com,253.130.117.88
681,Alwin,Abramow,aabramowiw@ucsd.edu,231.116.177.159
682,Kev,Zanneli,kzanneliix@wufoo.com,130.6.210.138
683,Lita,London,llondoniy@linkedin.com,26.8.48.113
684,Thadeus,Sautter,tsautteriz@hostgator.com,1.99.242.171
685,Lilith,Edworthy,ledworthyj0@infoseek.co.jp,70.70.69.32
686,Dix,Thieme,dthiemej1@livejournal.com,59.111.40.175
687,Almeda,Hardinge,ahardingej2@github.com,252.222.85.157
688,Jobi,Gandey,jgandeyj3@wunderground.com,117.104.222.185
689,Dulcia,Hempel,dhempelj4@google.de,144.59.46.213
690,Minta,Gates,mgatesj5@spiegel.de,149.195.248.168
691,Quintana,Roseborough,qroseboroughj6@cdc.gov,45.193.126.84
692,Cleopatra,Weatherup,cweatherupj7@posterous.com,190.139.235.156
693,Hedy,Ainley,hainleyj8@sitemeter.com,253.142.51.174
694,Chadd,Swaffield,cswaffieldj9@networkadvertising.org,65.80.7.226
695,Isabel,Oulett,ioulettja@indiatimes.com,122.210.187.110
696,Mike,Silbermann,msilbermannjb@theglobeandmail.com,118.183.113.233
697,Merle,Rosborough,mrosboroughjc@google.com.hk,40.1.183.147
698,Umberto,Kinsella,ukinsellajd@latimes.com,12.33.95.188
699,Xaviera,Woodburn,xwoodburnje@unicef.org,75.191.242.163
700,Kandy,Teers,kteersjf@prnewswire.com,65.23.153.117
701,Babita,Cancellieri,bcancellierijg@chronoengine.com,37.188.97.56
702,Heda,Jerzykiewicz,hjerzykiewiczjh@shinystat.com,245.214.166.81
703,Obediah,Bodycote,obodycoteji@ovh.net,43.127.74.220
704,Paulette,Gilhouley,pgilhouleyjj@mac.com,7.247.54.95
705,Oliver,Martignon,omartignonjk@netscape.com,26.108.84.93
706,Fons,Da Costa,fdacostajl@adobe.com,198.239.206.117
707,Stormi,Byrde,sbyrdejm@dion.ne.jp,36.13.12.40
708,Bekki,Sreenan,bsreenanjn@hp.com,235.46.213.162
709,Ariana,Plenderleith,aplenderleithjo@prweb.com,54.170.105.206
710,Briana,Fermer,bfermerjp@joomla.org,142.81.198.141
711,Gualterio,Sclanders,gsclandersjq@so-net.ne.jp,238.69.198.194
712,Betty,Stears,bstearsjr@fema.gov,106.160.120.45
713,Marlow,Ommanney,mommanneyjs@cargocollective.com,245.217.11.83
714,Cleve,Estcourt,cestcourtjt@wunderground.com,235.189.48.164
715,Sybil,Revelle,srevelleju@whitehouse.gov,49.60.163.96
716,Meade,Berthouloume,mberthouloumejv@yellowpages.com,253.215.63.44
717,Valentia,Dimbylow,vdimbylowjw@ameblo.jp,51.245.245.153
718,Madeline,Reed,mreedjx@reuters.com,157.44.20.172
719,Regan,Galloway,rgallowayjy@ow.ly,73.116.245.76
720,Grantham,Graddon,ggraddonjz@quantcast.com,157.59.163.196
721,Bogey,Cromly,bcromlyk0@t.co,233.219.7.231
722,Mariya,Tohill,mtohillk1@is.gd,32.57.110.35
723,Farlee,Dundendale,fdundendalek2@techcrunch.com,124.37.81.134
724,Rancell,Dockrey,rdockreyk3@ifeng.com,40.219.174.13
725,Estelle,McNirlan,emcnirlank4@ted.com,190.226.239.138
726,Melisandra,Muzzall,mmuzzallk5@elpais.com,119.62.30.183
727,Pren,Noury,pnouryk6@tripod.com,250.204.152.39
728,Deloria,Fonzone,dfonzonek7@marketwatch.com,253.180.67.164
729,Mindy,Mulliner,mmullinerk8@utexas.edu,61.234.100.84
730,Elyssa,Larkworthy,elarkworthyk9@ocn.ne.jp,43.57.55.1
731,Krystyna,Polet,kpoletka@nasa.gov,164.187.29.183
732,Maxine,Jephcott,mjephcottkb@theatlantic.com,89.86.191.105
733,Rustin,O'Sherin,rosherinkc@narod.ru,255.1.46.214
734,Basia,Joules,bjouleskd@goo.ne.jp,253.146.157.148
735,Micaela,Carlone,mcarloneke@slate.com,112.13.111.17
736,Herculie,Edens,hedenskf@miibeian.gov.cn,109.233.97.0
737,Desiri,Piperley,dpiperleykg@techcrunch.com,135.219.109.164
738,Tuckie,Lemasney,tlemasneykh@nih.gov,169.242.55.182
739,Jessalin,Surgener,jsurgenerki@deliciousdays.com,76.94.98.145
740,Sebastian,Reade,sreadekj@de.vu,6.240.204.116
741,Shawn,Gipp,sgippkk@360.cn,121.211.149.245
742,Elsi,Betteridge,ebetteridgekl@nba.com,17.44.120.1
743,Theresa,Isselee,tisseleekm@livejournal.com,126.28.187.114
744,Dawna,Python,dpythonkn@cdc.gov,224.107.203.179
745,Bale,McIlwraith,bmcilwraithko@addtoany.com,24.150.209.24
746,Adelheid,Busen,abusenkp@washingtonpost.com,214.4.157.224
747,Rubetta,Keerl,rkeerlkq@homestead.com,224.159.190.48
748,Janaya,Hardacre,jhardacrekr@xrea.com,69.125.168.56
749,Erika,Ullyatt,eullyattks@storify.com,33.163.171.48
750,Worth,Purcell,wpurcellkt@miitbeian.gov.cn,75.29.4.129
751,Jeramey,Toms,jtomsku@parallels.com,177.76.118.236
752,Bellina,Darrigone,bdarrigonekv@dropbox.com,76.143.70.177
753,Ethelyn,Click,eclickkw@smh.com.au,233.135.208.40
754,Nevsa,Beven,nbevenkx@cbslocal.com,128.151.246.178
755,Lenore,Strettle,lstrettleky@cyberchimps.com,237.43.243.2
756,Hillard,Sybbe,hsybbekz@google.com.au,68.241.228.95
757,Joni,Callf,jcallfl0@engadget.com,19.214.22.70
758,Travus,Di Ruggero,tdiruggerol1@noaa.gov,185.55.228.177
759,Lira,Caslake,lcaslakel2@ezinearticles.com,109.141.203.191
760,Marie-ann,Kinnerley,mkinnerleyl3@barnesandnoble.com,35.245.182.243
761,Pembroke,Noen,pnoenl4@si.edu,51.243.133.145
762,Wilfrid,Musso,wmussol5@drupal.org,184.9.51.193
763,Cross,Oddy,coddyl6@alexa.com,51.30.143.27
764,Carney,Philippault,cphilippaultl7@cam.ac.uk,109.135.89.191
765,Caye,Arnley,carnleyl8@china.com.cn,36.192.94.124
766,Darill,Reedshaw,dreedshawl9@webnode.com,159.76.72.176
767,Gardner,Seymer,gseymerla@over-blog.com,233.121.228.143
768,Aleda,Hyndley,ahyndleylb@shinystat.com,127.205.143.115
769,Ilse,Dennick,idennicklc@squarespace.com,172.19.193.197
770,Eadie,Hares,eharesld@weebly.com,213.132.240.242
771,Padraig,Allso,pallsole@archive.org,74.15.210.79
772,Gunar,Proudman,gproudmanlf@desdev.cn,106.252.59.197
773,Raoul,MacArdle,rmacardlelg@friendfeed.com,201.176.134.123
774,Debbi,Powles,dpowleslh@state.tx.us,127.135.44.24
775,Amby,Ivannikov,aivannikovli@blog.com,54.246.182.125
776,Vachel,Cuerdall,vcuerdalllj@dailymotion.com,147.116.111.241
777,Boris,Overnell,bovernelllk@hostgator.com,25.162.81.195
778,Lynn,Spillane,lspillanell@surveymonkey.com,122.54.95.48
779,Lizzy,Bottle,lbottlelm@discuz.net,177.111.73.98
780,Chan,Slingsby,cslingsbyln@patch.com,182.49.220.136
781,Ashia,Trembath,atrembathlo@ted.com,137.60.149.82
782,Marnia,Postlewhite,mpostlewhitelp@marketwatch.com,61.204.67.212
783,Angus,Davidzon,adavidzonlq@examiner.com,18.126.216.16
784,Lenette,Ebben,lebbenlr@g.co,126.45.93.86
785,Eyde,Tree,etreels@abc.net.au,105.246.195.199
786,Imogene,Corder,icorderlt@cnet.com,151.240.2.65
787,Bruce,Ballance,bballancelu@csmonitor.com,248.29.159.210
788,Dominica,Bomb,dbomblv@marriott.com,208.234.250.250
789,Meggi,Chape,mchapelw@wikimedia.org,171.110.190.222
790,Aurore,Skerme,askermelx@mysql.com,105.252.250.174
791,Vally,Spaven,vspavenly@kickstarter.com,252.249.200.72
792,Dara,Bread,dbreadlz@discovery.com,83.135.210.93
793,Gusta,Gaye,ggayem0@cam.ac.uk,15.235.132.5
794,Loydie,Barrar,lbarrarm1@illinois.edu,47.156.236.8
795,Heloise,Letford,hletfordm2@indiegogo.com,34.24.219.160
796,Romeo,Hedditeh,rhedditehm3@house.gov,217.212.15.230
797,Yehudit,Alman,yalmanm4@bigcartel.com,4.90.160.214
798,Estevan,Thorby,ethorbym5@webeden.co.uk,66.205.46.94
799,Nero,Batchelder,nbatchelderm6@skype.com,41.163.21.132
800,Davin,Dinsdale,ddinsdalem7@bbc.co.uk,74.71.35.107
801,Ryan,Monkton,rmonktonm8@godaddy.com,152.82.63.116
802,Cordula,Gedney,cgedneym9@google.pl,186.10.111.7
803,Theresita,Rollinshaw,trollinshawma@bizjournals.com,176.81.244.141
804,Rea,Rowsell,rrowsellmb@joomla.org,21.20.79.120
805,Nichols,Allport,nallportmc@icio.us,206.66.61.11
806,Alessandro,Rickardsson,arickardssonmd@skyrock.com,32.70.151.111
807,Wesley,Pryell,wpryellme@businessinsider.com,51.14.197.119
808,Sloane,Resun,sresunmf@dedecms.com,207.125.112.49
809,Joyce,Pardon,jpardonmg@msn.com,195.244.40.232
810,Nappie,Omrod,nomrodmh@slate.com,211.29.138.146
811,Willyt,Stoddart,wstoddartmi@nifty.com,49.61.214.116
812,Bette,Smithend,bsmithendmj@skyrock.com,71.0.124.139
813,Norby,Tooley,ntooleymk@examiner.com,247.224.21.86
814,Ignacio,Chace,ichaceml@newsvine.com,98.253.25.139
815,Kalina,Hartzenberg,khartzenbergmm@yale.edu,242.41.34.99
816,Heindrick,Bowdon,hbowdonmn@gmpg.org,72.166.87.159
817,Thia,Jurs,tjursmo@sphinn.com,22.62.72.97
818,Fionna,Evans,fevansmp@hud.gov,75.221.171.38
819,Symon,Roughley,sroughleymq@reverbnation.com,186.143.124.57
820,Leonore,McQuilkin,lmcquilkinmr@usnews.com,253.141.66.229
821,Amata,Hoston,ahostonms@multiply.com,94.197.200.174
822,Rosemarie,Alwin,ralwinmt@sfgate.com,196.197.154.215
823,Marv,Dorsey,mdorseymu@adobe.com,88.11.240.254
824,Bobbye,Godding,bgoddingmv@biblegateway.com,156.10.183.227
825,Venita,Pykerman,vpykermanmw@discovery.com,63.213.155.60
826,Abigale,Deans,adeansmx@fda.gov,25.121.66.0
827,Violette,Mustard,vmustardmy@nsw.gov.au,130.6.235.5
828,Kimmy,Dallman,kdallmanmz@linkedin.com,181.1.162.75
829,Nikki,Fearenside,nfearensiden0@etsy.com,170.173.171.43
830,Melonie,Hevner,mhevnern1@mit.edu,206.11.69.172
831,Deeyn,Eccleston,decclestonn2@dailymotion.com,35.193.28.193
832,Ker,Stothart,kstothartn3@mashable.com,80.137.175.53
833,Skipper,Rudgley,srudgleyn4@loc.gov,174.123.42.59
834,Janis,Zanettini,jzanettinin5@joomla.org,198.139.73.214
835,Adeline,McGaughay,amcgaughayn6@apple.com,30.140.248.19
836,Winston,Lundbeck,wlundbeckn7@ebay.com,124.109.192.45
837,Jeremy,O'Rowane,jorowanen8@china.com.cn,14.235.52.168
838,Allis,Matley,amatleyn9@godaddy.com,195.197.115.208
839,Dinah,Paolotto,dpaolottona@illinois.edu,194.5.187.171
840,Sindee,Philliskirk,sphilliskirknb@addtoany.com,107.208.32.207
841,Ferdinande,Bosquet,fbosquetnc@sogou.com,116.96.109.1
842,Milzie,Rembaud,mrembaudnd@google.com.br,181.216.20.93
843,Whittaker,Lindeberg,wlindebergne@globo.com,42.116.230.11
844,Daryl,Bravington,dbravingtonnf@bloglovin.com,180.170.130.120
845,Enrique,Brewerton,ebrewertonng@noaa.gov,69.222.222.80
846,Dawn,Cockhill,dcockhillnh@angelfire.com,151.39.69.156
847,Alano,Sabine,asabineni@dedecms.com,175.145.240.27
848,Witty,Bester,wbesternj@latimes.com,131.231.223.32
849,Muffin,Kinton,mkintonnk@webeden.co.uk,156.102.5.206
850,Teodorico,Ticksall,tticksallnl@ucoz.ru,30.151.87.211
851,Brandtr,Nutty,bnuttynm@usatoday.com,104.133.81.104
852,Tod,Mattack,tmattacknn@angelfire.com,87.95.213.186
853,Emory,Gibbett,egibbettno@miitbeian.gov.cn,80.16.160.128
854,Jeana,MacKnocker,jmacknockernp@reddit.com,146.218.8.226
855,Elga,Castelyn,ecastelynnq@creativecommons.org,145.241.198.136
856,Kathi,Royden,kroydennr@w3.org,180.172.102.92
857,Lina,Andersson,landerssonns@amazon.co.uk,203.197.129.167
858,Ivette,Throssell,ithrossellnt@latimes.com,121.158.30.0
859,Elsinore,Wilstead,ewilsteadnu@eepurl.com,228.86.107.196
860,Averyl,Leavry,aleavrynv@twitter.com,224.46.105.3
861,Andy,McGillivray,amcgillivraynw@vk.com,51.142.129.77
862,Marinna,Snodin,msnodinnx@ocn.ne.jp,207.214.95.44
863,Janeta,Brimming,jbrimmingny@yellowbook.com,118.204.107.151
864,Lynsey,Trebbett,ltrebbettnz@1und1.de,182.117.201.37
865,Sherwood,Wandrey,swandreyo0@disqus.com,102.102.133.81
866,Harrietta,Cutridge,hcutridgeo1@nydailynews.com,116.45.158.174
867,Demetrius,Leahair,dleahairo2@cocolog-nifty.com,241.121.253.65
868,Sayre,Leahair,sleahairo3@dedecms.com,208.165.20.161
869,Henrie,Hundall,hhundallo4@wired.com,228.74.160.20
870,Margaret,Schenfisch,mschenfischo5@berkeley.edu,78.175.128.66
871,Grace,Lammert,glammerto6@360.cn,194.162.79.214
872,Rikki,Bales,rbaleso7@angelfire.com,54.241.219.227
873,Ethelda,Choppin,echoppino8@deviantart.com,199.12.7.30
874,Waylan,Grinyer,wgrinyero9@go.com,217.16.236.156
875,Conny,Fridlington,cfridlingtonoa@ted.com,103.1.6.186
876,Arabela,Stollenberg,astollenbergob@altervista.org,142.18.11.31
877,Shelley,Streets,sstreetsoc@samsung.com,127.125.82.206
878,Chloris,Simenon,csimenonod@dmoz.org,167.99.155.31
879,Shadow,Durek,sdurekoe@imdb.com,215.6.108.72
880,Ignace,Pletts,iplettsof@irs.gov,231.64.242.20
881,Morie,Dadson,mdadsonog@hexun.com,97.15.174.15
882,Dede,Lighterness,dlighternessoh@pagesperso-orange.fr,47.90.192.232
883,Daisie,Mc Gaughey,dmcgaugheyoi@state.gov,10.148.138.114
884,Menard,Tangye,mtangyeoj@japanpost.jp,209.43.17.53
885,Stavro,McGilroy,smcgilroyok@squarespace.com,135.12.71.151
886,Susanetta,Eliyahu,seliyahuol@msn.com,183.27.199.226
887,Rakel,Heminsley,rheminsleyom@dot.gov,221.41.250.13
888,Ricardo,Bullent,rbullenton@gravatar.com,112.74.204.98
889,Emmy,Russam,erussamoo@ocn.ne.jp,76.116.16.79
890,Georgie,Lingard,glingardop@ihg.com,109.36.100.66
891,Aharon,Stuchburie,astuchburieoq@cdc.gov,91.175.74.117
892,Nikaniki,Benterman,nbentermanor@zdnet.com,190.195.16.217
893,Willyt,Clemmow,wclemmowos@chicagotribune.com,145.199.255.165
894,Harlin,Fairlaw,hfairlawot@lulu.com,85.211.124.82
895,Donall,Mullett,dmullettou@t-online.de,168.138.36.21
896,Annetta,Drust,adrustov@whitehouse.gov,90.136.92.19
897,Ernaline,Grigson,egrigsonow@wordpress.com,226.142.56.28
898,Gladys,Tolhurst,gtolhurstox@ed.gov,157.61.42.84
899,Lauralee,Longson,llongsonoy@simplemachines.org,30.139.103.175
900,Demetra,McTague,dmctagueoz@intel.com,163.25.45.241
901,Conant,Sheeran,csheeranp0@apple.com,101.156.69.229
902,Bondy,Kestian,bkestianp1@house.gov,170.210.202.207
903,Parry,Soppett,psoppettp2@indiegogo.com,205.185.65.95
904,Margaretta,Valentino,mvalentinop3@google.com.au,91.170.76.118
905,Charis,Truluck,ctruluckp4@senate.gov,59.211.176.56
906,Lishe,Blore,lblorep5@dropbox.com,159.118.79.147
907,Benjamen,Chater,bchaterp6@mashable.com,7.73.90.103
908,Percy,Bavridge,pbavridgep7@addthis.com,42.221.198.141
909,Mallissa,Jablonski,mjablonskip8@virginia.edu,91.228.208.151
910,Beilul,Bachelar,bbachelarp9@dedecms.com,168.200.138.132
911,Dew,Vern,dvernpa@amazon.co.jp,142.48.105.33
912,Neddie,Fairlamb,nfairlambpb@hugedomains.com,22.111.58.35
913,Auroora,Seniour,aseniourpc@sohu.com,194.141.70.51
914,Austin,Scarlin,ascarlinpd@google.com.hk,230.76.36.180
915,Ezmeralda,McGillecole,emcgillecolepe@storify.com,34.127.219.91
916,Franz,McGaughie,fmcgaughiepf@yelp.com,145.140.29.207
917,Gram,Stenners,gstennerspg@phoca.cz,193.230.157.53
918,Herold,McIlrath,hmcilrathph@tripod.com,219.122.120.67
919,Diana,Tuite,dtuitepi@canalblog.com,130.200.71.195
920,Calida,Cushelly,ccushellypj@homestead.com,143.96.255.109
921,Dorine,McCuish,dmccuishpk@icq.com,225.182.47.107
922,Mikel,McAlarney,mmcalarneypl@accuweather.com,36.27.92.198
923,Kenna,Lodo,klodopm@weebly.com,26.154.173.143
924,Willabella,Garman,wgarmanpn@goo.ne.jp,212.13.28.158
925,Brianna,Sobieski,bsobieskipo@wikia.com,2.188.182.187
926,Willard,Bosley,wbosleypp@ucoz.com,53.129.38.181
927,Obadias,Jaggers,ojaggerspq@blinklist.com,213.144.138.241
928,Renell,Mathivon,rmathivonpr@intel.com,8.239.152.30
929,Sara,Ferro,sferrops@soup.io,253.235.228.44
930,Fan,Town,ftownpt@disqus.com,179.200.9.176
931,Ravid,Nalder,rnalderpu@studiopress.com,46.122.28.87
932,Karel,Benger,kbengerpv@google.ru,131.216.188.57
933,Shellysheldon,O'Breen,sobreenpw@scientificamerican.com,162.101.138.224
934,Jens,Brokenshire,jbrokenshirepx@nasa.gov,53.200.113.213
935,Giuditta,Cordero,gcorderopy@newyorker.com,193.197.178.10
936,Vinson,Poytheras,vpoytheraspz@miitbeian.gov.cn,90.13.218.128
937,Margo,Sperwell,msperwellq0@seattletimes.com,50.247.0.236
938,Gnni,Maddicks,gmaddicksq1@pcworld.com,239.38.26.180
939,Leslie,Wait,lwaitq2@123-reg.co.uk,21.28.146.220
940,Quintin,Elderidge,qelderidgeq3@wikispaces.com,69.80.196.35
941,Leanor,Dyhouse,ldyhouseq4@plala.or.jp,198.37.186.31
942,Zach,Pettipher,zpettipherq5@gov.uk,158.225.174.23
943,Sella,Rockey,srockeyq6@economist.com,249.200.192.133
944,Benetta,Kruschov,bkruschovq7@yellowbook.com,238.122.75.185
945,Ives,Melsom,imelsomq8@wix.com,100.124.105.38
946,Addia,McGrudder,amcgrudderq9@youku.com,110.200.187.212
947,Nadeen,Schiell,nschiellqa@dailymotion.com,108.57.109.253
948,Annmarie,Dentith,adentithqb@creativecommons.org,47.115.11.40
949,Kellina,Snel,ksnelqc@wufoo.com,98.193.138.245
950,Jilli,Arundel,jarundelqd@ucsd.edu,93.51.74.20
951,Carmina,Dripps,cdrippsqe@biglobe.ne.jp,177.183.109.79
952,Hill,Pelfer,hpelferqf@disqus.com,239.108.66.5
953,Trudey,Brightling,tbrightlingqg@addtoany.com,43.79.54.236
954,Zonnya,Buscher,zbuscherqh@edublogs.org,208.121.220.168
955,Mickie,Donisi,mdonisiqi@opensource.org,48.98.204.219
956,Dosi,Batterson,dbattersonqj@guardian.co.uk,127.228.171.114
957,Errick,Ogbourne,eogbourneqk@ibm.com,225.27.252.65
958,Letitia,Spinke,lspinkeql@prlog.org,6.164.1.120
959,Deloris,Hutchins,dhutchinsqm@goodreads.com,203.140.244.174
960,Fonzie,Walkowski,fwalkowskiqn@icio.us,99.248.222.117
961,Barret,Danby,bdanbyqo@t-online.de,38.248.52.61
962,Lorenzo,Dewane,ldewaneqp@sourceforge.net,130.157.64.226
963,Granny,Redgate,gredgateqq@washington.edu,144.97.25.165
964,Gilli,Raspel,graspelqr@istockphoto.com,132.127.18.202
965,Sully,Mongin,smonginqs@rambler.ru,66.54.165.165
966,Elaine,Blazhevich,eblazhevichqt@wp.com,23.177.236.77
967,Talya,Vase,tvasequ@toplist.cz,156.38.130.216
968,Angeli,Hartill,ahartillqv@prnewswire.com,24.135.182.245
969,Westley,McNiff,wmcniffqw@imdb.com,130.204.49.22
970,Adam,Legrand,alegrandqx@google.it,218.59.103.230
971,Codie,Berdale,cberdaleqy@wired.com,70.186.65.50
972,Daisy,Ricketts,drickettsqz@webmd.com,99.143.5.93
973,Leontyne,Gravell,lgravellr0@netscape.com,204.175.115.51
974,Zorah,Lambden,zlambdenr1@paypal.com,62.7.60.200
975,Bat,Hayselden,bhayseldenr2@cam.ac.uk,217.65.50.249
976,Anatole,Gerred,agerredr3@unicef.org,104.89.143.87
977,Corette,Shitliffe,cshitliffer4@example.com,192.111.42.122
978,Averil,Schade,aschader5@jimdo.com,11.158.111.149
979,Devon,Loble,dlobler6@nbcnews.com,39.191.199.4
980,Lurleen,Lapley,llapleyr7@techcrunch.com,190.237.243.59
981,Shaine,Haythorn,shaythornr8@reference.com,252.112.149.79
982,Reina,Fendley,rfendleyr9@tripod.com,155.215.141.89
983,Raye,Seldon,rseldonra@soundcloud.com,102.140.111.235
984,Chris,Farren,cfarrenrb@google.co.jp,90.187.25.3
985,Vincent,Hodgin,vhodginrc@tinyurl.com,17.69.146.176
986,Athene,Beavan,abeavanrd@whitehouse.gov,211.71.150.104
987,Les,Inch,linchre@google.pl,227.1.36.228
988,Dari,Planque,dplanquerf@icq.com,17.232.142.157
989,Frank,Matschoss,fmatschossrg@yellowpages.com,132.17.216.25
990,Camel,Josefer,cjoseferrh@geocities.com,232.76.81.12
991,Mackenzie,Gromley,mgromleyri@123-reg.co.uk,50.210.192.97
992,Darryl,Defau,ddefaurj@phpbb.com,221.92.140.236
993,Jada,Le Breton,jlebretonrk@redcross.org,146.213.162.128
994,Efrem,Lerwell,elerwellrl@washingtonpost.com,233.212.187.131
995,Angelia,Purviss,apurvissrm@google.cn,69.141.134.31
996,Ramon,Hallaways,rhallawaysrn@mysql.com,203.170.232.139
997,Harlene,Chomicz,hchomiczro@biblegateway.com,122.150.60.158
998,Belicia,Janssen,bjanssenrp@moonfruit.com,170.158.233.162
999,Lorianne,Smales,lsmalesrq@ox.ac.uk,210.160.97.76
1000,Rozanne,Dulwitch,rdulwitchrr@sciencedirect.com,222.73.68.98
