id,first_name,last_name,email,ip_address
1,Dalston,Pietron,dpietron0@bbb.org,208.79.239.24
2,Trudey,Karel,tkarel1@marketwatch.com,248.88.213.155
3,Erminia,Fulham,efulham2@bigcartel.com,57.119.35.241
4,Sheppard,Paddell,spaddell3@joomla.org,177.74.84.139
5,Caron,O'Lagene,colagene4@woothemes.com,249.255.173.72
6,Mona,Larkcum,mlarkcum5@bandcamp.com,249.150.110.175
7,Leicester,Fleischer,lfleischer6@apple.com,4.201.131.184
8,Baudoin,Trewinnard,btrewinnard7@google.ca,205.60.127.46
9,Gayla,Bixley,gbixley8@networksolutions.com,78.86.58.173
10,Giacomo,Braitling,gbraitling9@spiegel.de,7.89.141.61
11,Viviana,Stouther,vstouthera@t.co,39.122.190.141
12,Bjorn,MacPhail,bmacphailb@techcrunch.com,249.98.223.47
13,Kendal,Browning,kbrowningc@mit.edu,216.241.39.61
14,Sabina,Antoniou,santonioud@reddit.com,120.225.87.158
15,Tammara,Pether,tpethere@weather.com,21.23.75.25
16,Otha,Hune,ohunef@omniture.com,73.97.113.217
17,Evanne,Rushsorth,erushsorthg@census.gov,132.146.197.46
18,Jeanna,Toope,jtoopeh@last.fm,178.116.101.180
19,Adorne,Muggach,amuggachi@oaic.gov.au,166.96.144.159
20,Gilligan,McAllen,gmcallenj@miibeian.gov.cn,32.216.217.27
21,Agustin,Learoid,alearoidk@symantec.com,126.177.23.86
22,Lilli,Abriani,labrianil@ameblo.jp,21.52.110.95
23,Davida,Joss,djossm@comcast.net,167.221.92.228
24,Constancia,Knott,cknottn@virginia.edu,193.190.54.105
25,Ly,Swoffer,lswoffero@goo.gl,12.81.76.97
26,Kesley,Cardenas,kcardenasp@cbslocal.com,177.14.203.63
27,Constanta,Naismith,cnaismithq@telegraph.co.uk,215.232.90.128
28,Pasquale,Pinkett,ppinkettr@rambler.ru,76.11.186.154
29,Dotti,Macvain,dmacvains@tinyurl.com,204.16.226.0
30,Brynne,Ovenden,bovendent@icio.us,242.131.76.3
31,Joela,Bruffell,jbruffellu@github.io,9.157.98.12
32,Allene,Benedito,abeneditov@sphinn.com,214.23.225.242
33,Rosella,Liptrod,rliptrodw@clickbank.net,246.243.41.243
34,Valli,Lippard,vlippardx@tuttocitta.it,185.163.44.166
35,Mikkel,Hartigan,mhartigany@joomla.org,183.231.124.121
36,Marjory,Toderi,mtoderiz@examiner.com,65.57.47.72
37,Annetta,Shirtliff,ashirtliff10@google.nl,187.223.224.107
38,Sonnnie,Yurchenko,syurchenko11@wired.com,140.57.63.29
39,Appolonia,Schulze,aschulze12@sun.com,252.2.64.165
40,Guenna,Verbrugge,gverbrugge13@icq.com,252.130.105.122
41,Aksel,Mungham,amungham14@github.io,12.196.193.177
42,Carmine,Collings,ccollings15@wix.com,121.224.76.230
43,Darn,Buckley,dbuckley16@theglobeandmail.com,253.34.83.199
44,Stavro,Kitley,skitley17@rambler.ru,231.164.207.69
45,Svend,Gilligan,sgilligan18@networkadvertising.org,72.91.202.55
46,Penelopa,Maleney,pmaleney19@goo.gl,225.23.231.5
47,Buddie,Feechum,bfeechum1a@ted.com,217.124.33.229
48,Adorne,Izhak,aizhak1b@dailymotion.com,252.135.227.222
49,Leda,Driussi,ldriussi1c@youtu.be,149.220.102.221
50,Irv,Offiler,ioffiler1d@ihg.com,34.20.235.242
51,Cally,Sandars,csandars1e@patch.com,28.27.85.120
52,Del,Annwyl,dannwyl1f@pcworld.com,87.105.105.108
53,Bonnee,Cohalan,bcohalan1g@nps.gov,194.140.28.212
54,Harmony,Sings,hsings1h@imageshack.us,166.198.162.43
55,Ethan,Penritt,epenritt1i@theatlantic.com,188.167.247.217
56,Camala,Hilldrup,chilldrup1j@engadget.com,244.137.97.207
57,Francois,Chislett,fchislett1k@walmart.com,163.23.140.27
58,Lorilyn,Pentony,lpentony1l@guardian.co.uk,8.202.25.81
59,Jorge,Swinyard,jswinyard1m@independent.co.uk,174.140.19.87
60,Skipton,Meriguet,smeriguet1n@tinyurl.com,227.78.0.125
61,Micky,Augie,maugie1o@plala.or.jp,187.143.216.225
62,Marty,Caukill,mcaukill1p@comcast.net,234.23.198.35
63,Dino,Worledge,dworledge1q@bloglines.com,182.244.103.129
64,Dion,Duckhouse,dduckhouse1r@google.de,89.93.240.194
65,Shay,Sandiland,ssandiland1s@xrea.com,95.186.182.202
66,Kane,Oriel,koriel1t@examiner.com,53.117.207.148
67,Angelique,Kerrich,akerrich1u@godaddy.com,119.237.134.63
68,Sapphire,Morde,smorde1v@imageshack.us,116.224.115.52
69,Richie,Costan,rcostan1w@e-recht24.de,236.23.38.223
70,Kurtis,Vanyatin,kvanyatin1x@vk.com,200.21.174.211
71,Giacopo,Wimbush,gwimbush1y@cnbc.com,195.28.12.186
72,Hort,Sambells,hsambells1z@baidu.com,33.180.100.78
73,Rhodia,Trevaskiss,rtrevaskiss20@mtv.com,172.235.228.173
74,Gideon,Paolo,gpaolo21@nationalgeographic.com,240.165.99.198
75,Brade,Annets,bannets22@comcast.net,147.52.234.88
76,Willis,Dominguez,wdominguez23@ovh.net,245.106.255.142
77,Ephraim,De Giorgis,edegiorgis24@linkedin.com,173.152.20.85
78,Alla,Fredson,afredson25@forbes.com,209.92.86.121
79,Kelcey,Ostler,kostler26@xrea.com,128.215.82.117
80,Mortimer,Francescotti,mfrancescotti27@histats.com,151.107.22.53
81,Lancelot,Gange,lgange28@bluehost.com,9.242.57.70
82,North,Beyer,nbeyer29@infoseek.co.jp,15.153.113.106
83,Ambrose,Schonfeld,aschonfeld2a@huffingtonpost.com,161.111.165.74
84,Alika,Colleymore,acolleymore2b@gizmodo.com,192.124.133.142
85,Perice,Christophe,pchristophe2c@bizjournals.com,72.182.133.146
86,Livy,Baford,lbaford2d@jigsy.com,180.3.214.71
87,Noel,Swaden,nswaden2e@ucla.edu,128.182.39.99
88,Sigmund,Pechacek,spechacek2f@sohu.com,211.200.102.183
89,Margarethe,Heliot,mheliot2g@pagesperso-orange.fr,66.61.215.143
90,Alain,Horlick,ahorlick2h@wikia.com,13.244.45.45
91,Kirk,Kempe,kkempe2i@marketwatch.com,160.197.124.246
92,Coleman,Fumagall,cfumagall2j@people.com.cn,103.166.162.74
93,Kizzie,Grebert,kgrebert2k@simplemachines.org,83.255.151.66
94,Neala,Brazenor,nbrazenor2l@alibaba.com,182.181.55.217
95,Rhona,Southard,rsouthard2m@ucoz.com,177.158.217.126
96,Bren,Petrovsky,bpetrovsky2n@usgs.gov,214.50.159.71
97,Zebedee,Sipson,zsipson2o@wisc.edu,86.14.201.196
98,Morse,Perroni,mperroni2p@nbcnews.com,129.28.126.228
99,Mortie,Tomisch,mtomisch2q@reddit.com,62.0.138.118
100,Beverie,Nudd,bnudd2r@cyberchimps.com,133.127.172.56
101,Gradeigh,Cross,gcross2s@comsenz.com,91.189.24.43
102,Giorgio,Moline,gmoline2t@sciencedaily.com,99.195.237.250
103,Sarene,Gianinotti,sgianinotti2u@foxnews.com,75.247.38.7
104,Jennilee,Sewart,jsewart2v@merriam-webster.com,246.106.209.50
105,Jerry,Sheehan,jsheehan2w@yandex.ru,149.95.172.153
106,Herbert,Sentance,hsentance2x@ted.com,18.229.237.193
107,Ewart,Pershouse,epershouse2y@ehow.com,48.169.77.213
108,Mickie,Ponsford,mponsford2z@hud.gov,110.42.141.169
109,Pepita,Ever,pever30@illinois.edu,131.244.35.247
110,Cherianne,Flett,cflett31@ycombinator.com,81.229.90.72
111,Agneta,Osbaldstone,aosbaldstone32@chron.com,60.206.153.100
112,Herta,Lammerding,hlammerding33@wix.com,173.10.255.164
113,Darnall,MacAllester,dmacallester34@msn.com,68.220.15.185
114,Benji,Wetter,bwetter35@1und1.de,163.223.175.47
115,Carce,Verralls,cverralls36@skyrock.com,36.106.38.30
116,Alene,Morcom,amorcom37@alexa.com,104.63.72.141
117,Trumann,Lemme,tlemme38@nhs.uk,69.101.216.54
118,Kalle,Stockbridge,kstockbridge39@list-manage.com,152.206.224.95
119,Belita,Joddins,bjoddins3a@symantec.com,130.31.234.103
120,Winne,Lante,wlante3b@wufoo.com,169.49.137.94
121,Alene,Earle,aearle3c@ycombinator.com,73.115.101.177
122,Saraann,Rotherham,srotherham3d@bluehost.com,237.17.148.201
123,Con,Challens,cchallens3e@mayoclinic.com,122.149.252.72
124,Eduardo,Neath,eneath3f@wp.com,207.242.203.139
125,Janifer,Hasloch,jhasloch3g@wiley.com,108.21.102.158
126,Johny,Goff,jgoff3h@businessweek.com,39.123.213.150
127,Michelle,Strickland,mstrickland3i@hubpages.com,200.253.166.194
128,Bea,Janda,bjanda3j@techcrunch.com,133.131.89.124
129,Silvanus,Bustin,sbustin3k@slate.com,151.156.19.71
130,Bibby,Allsobrook,ballsobrook3l@joomla.org,12.181.110.255
131,Odell,Laban,olaban3m@tumblr.com,18.228.246.181
132,Nita,Pedler,npedler3n@java.com,132.160.172.92
133,Weston,Philipart,wphilipart3o@miibeian.gov.cn,236.240.184.160
134,Charmain,Sculpher,csculpher3p@about.com,218.136.107.216
135,Fairleigh,Paradyce,fparadyce3q@mlb.com,231.228.241.18
136,Barrie,Chene,bchene3r@mashable.com,237.223.31.79
137,Janessa,Guyer,jguyer3s@dot.gov,48.59.56.181
138,Derwin,Hinnerk,dhinnerk3t@merriam-webster.com,2.187.183.108
139,Hymie,Denington,hdenington3u@dot.gov,103.9.59.252
140,Antoni,Pell,apell3v@vimeo.com,157.46.43.17
141,Abbott,Cargon,acargon3w@cbsnews.com,25.153.166.92
142,Marion,Goodfield,mgoodfield3x@hud.gov,223.182.93.222
143,Lonni,Bansal,lbansal3y@ox.ac.uk,92.105.25.145
144,Robyn,Cone,rcone3z@abc.net.au,65.153.114.165
145,Alix,Ellins,aellins40@godaddy.com,197.52.101.67
146,Mahala,Astman,mastman41@google.ca,144.51.193.156
147,Gerome,Pulhoster,gpulhoster42@archive.org,60.51.234.8
148,Zachery,Lamonby,zlamonby43@zimbio.com,238.198.237.79
149,Amye,Revel,arevel44@free.fr,36.202.164.147
150,Torrence,Hessle,thessle45@twitpic.com,84.209.169.8
151,Uriel,Douty,udouty46@parallels.com,132.121.10.207
152,Terrill,Tumility,ttumility47@plala.or.jp,18.72.238.185
153,Indira,Escott,iescott48@stumbleupon.com,114.138.211.57
154,Doria,Dik,ddik49@google.com.hk,122.205.232.52
155,Ruth,Muffett,rmuffett4a@sfgate.com,139.36.96.63
156,Geralda,Risebrow,grisebrow4b@gravatar.com,24.250.252.156
157,Raul,Joannic,rjoannic4c@google.co.uk,105.157.50.26
158,Leilah,Loch,lloch4d@princeton.edu,117.201.219.155
159,Lorenzo,Bassom,lbassom4e@netlog.com,108.167.127.82
160,Charmion,Griffen,cgriffen4f@rakuten.co.jp,250.138.202.93
161,Shirley,Stot,sstot4g@psu.edu,197.93.56.133
162,Dulciana,Garm,dgarm4h@fotki.com,182.53.158.213
163,Mill,Mennithorp,mmennithorp4i@google.nl,8.19.237.117
164,Berkley,Copcutt,bcopcutt4j@census.gov,176.173.100.31
165,Claudelle,Chotty,cchotty4k@yahoo.com,84.200.136.237
166,Tawnya,Fonte,tfonte4l@oakley.com,254.178.68.174
167,Maximilien,Kearey,mkearey4m@prnewswire.com,208.197.8.201
168,Gearalt,Lightwood,glightwood4n@sciencedaily.com,194.1.152.116
169,Rhys,Dawney,rdawney4o@google.es,249.173.224.62
170,Jock,Formie,jformie4p@virginia.edu,187.253.155.148
171,Orlando,Piche,opiche4q@w3.org,254.111.254.235
172,Harmonie,Cargo,hcargo4r@icq.com,210.60.208.234
173,Charla,Stocky,cstocky4s@shinystat.com,239.190.169.19
174,Mark,Huchot,mhuchot4t@odnoklassniki.ru,230.73.159.180
175,Taffy,McKain,tmckain4u@home.pl,47.171.235.109
176,Aprilette,Morling,amorling4v@imdb.com,102.189.162.14
177,Nestor,Grieg,ngrieg4w@drupal.org,47.178.99.83
178,Peggi,Rickhuss,prickhuss4x@vimeo.com,16.104.59.31
179,Zola,Tallman,ztallman4y@cdc.gov,193.217.77.161
180,Ezekiel,Handaside,ehandaside4z@51.la,58.65.114.218
181,Jory,Worg,jworg50@usnews.com,71.159.13.193
182,Townsend,Liggons,tliggons51@yale.edu,168.192.214.147
183,Bud,Jenno,bjenno52@multiply.com,46.249.141.177
184,Tedra,Gidley,tgidley53@redcross.org,149.24.146.40
185,Sharline,Chittleburgh,schittleburgh54@gizmodo.com,38.222.253.40
186,Clarabelle,Clavering,cclavering55@yelp.com,40.176.58.226
187,Britt,Anstis,banstis56@dell.com,205.174.122.167
188,Sari,Beardsley,sbeardsley57@chicagotribune.com,201.76.93.20
189,Eamon,Halton,ehalton58@hud.gov,100.21.60.170
190,Denny,Borsay,dborsay59@sciencedaily.com,12.8.28.250
191,Winston,Elies,welies5a@discuz.net,250.192.126.9
192,Owen,Renvoys,orenvoys5b@amazon.co.uk,31.2.14.55
193,Emilio,Camamile,ecamamile5c@usda.gov,222.73.149.127
194,Ardelis,Ripsher,aripsher5d@bloglovin.com,92.49.221.205
195,Helenelizabeth,Kapiloff,hkapiloff5e@gmpg.org,145.17.132.100
196,Huntington,Sussems,hsussems5f@paypal.com,2.132.255.122
197,Jenifer,Loveard,jloveard5g@huffingtonpost.com,162.89.207.215
198,Bay,Kershaw,bkershaw5h@naver.com,23.230.2.243
199,Corny,Yearron,cyearron5i@imdb.com,235.176.154.83
200,Clem,Riddington,criddington5j@taobao.com,222.62.36.70
201,Violetta,Gromley,vgromley5k@amazon.com,189.115.75.215
202,Carlene,Wolpert,cwolpert5l@time.com,25.152.34.129
203,Adriana,Corp,acorp5m@dmoz.org,153.105.97.41
204,Jori,Eyckel,jeyckel5n@ibm.com,14.86.212.170
205,Candide,Muir,cmuir5o@senate.gov,74.83.252.119
206,Salvatore,Scardefield,sscardefield5p@umn.edu,222.172.129.90
207,Ernesto,Mogg,emogg5q@businessinsider.com,115.205.238.66
208,Faythe,Baudinot,fbaudinot5r@hp.com,35.180.208.82
209,Ramsay,Farrance,rfarrance5s@ebay.co.uk,99.202.169.248
210,Janot,Meneghelli,jmeneghelli5t@time.com,66.21.44.137
211,Tammy,Binham,tbinham5u@businessinsider.com,254.87.246.193
212,Jephthah,Crolly,jcrolly5v@craigslist.org,180.122.188.111
213,Nikaniki,Gillet,ngillet5w@theatlantic.com,218.174.31.131
214,Christel,Le Noury,clenoury5x@whitehouse.gov,201.250.173.200
215,Netti,Adamowicz,nadamowicz5y@fema.gov,128.227.90.135
216,Guilbert,Cranney,gcranney5z@shareasale.com,7.52.44.220
217,Tony,Rochford,trochford60@spiegel.de,241.47.139.49
218,Arin,Caselick,acaselick61@tuttocitta.it,125.141.255.237
219,Gilberta,Gaunt,ggaunt62@nifty.com,6.213.150.235
220,Nanny,De Bischof,ndebischof63@t-online.de,215.249.94.45
221,Ashlie,Stenhouse,astenhouse64@earthlink.net,39.114.146.41
222,Cheston,McKomb,cmckomb65@posterous.com,231.231.41.74
223,Amitie,Corkel,acorkel66@youtu.be,236.106.123.72
224,Zsa zsa,Beenham,zbeenham67@facebook.com,195.224.97.153
225,Robers,Jeannon,rjeannon68@hhs.gov,13.64.233.231
226,Rosette,Hollingshead,rhollingshead69@soundcloud.com,174.210.177.173
227,Allyce,Clowley,aclowley6a@jimdo.com,78.130.18.6
228,Byran,Downton,bdownton6b@mozilla.org,80.13.59.200
229,Ruddy,Ganning,rganning6c@wunderground.com,138.144.147.15
230,Alison,Josh,ajosh6d@macromedia.com,113.153.48.162
231,Randie,Leivers,rleivers6e@ed.gov,147.7.88.231
232,Juanita,Gemeau,jgemeau6f@blogger.com,192.66.210.139
233,Enriqueta,Castiglio,ecastiglio6g@tuttocitta.it,252.91.246.130
234,Ephraim,Burden,eburden6h@google.com.hk,236.220.166.137
235,Quintilla,Goodburn,qgoodburn6i@youtu.be,115.105.31.19
236,Consuela,Cracknell,ccracknell6j@woothemes.com,116.21.165.11
237,Orran,Kolodziejski,okolodziejski6k@mashable.com,23.97.53.109
238,Bethany,Grutchfield,bgrutchfield6l@theglobeandmail.com,8.52.68.157
239,Brynn,Pardy,bpardy6m@qq.com,96.110.124.119
240,Dicky,Richardes,drichardes6n@1688.com,82.129.195.57
241,Jada,Napoleon,jnapoleon6o@guardian.co.uk,166.112.67.31
242,Ralina,Dillicate,rdillicate6p@cloudflare.com,189.255.175.66
243,Viviana,Kiffe,vkiffe6q@msn.com,129.7.61.54
244,Norris,Van den Oord,nvandenoord6r@bbc.co.uk,249.215.15.87
245,Martie,Farron,mfarron6s@topsy.com,203.88.72.142
246,Danya,Hunnicutt,dhunnicutt6t@marketwatch.com,45.84.237.67
247,Helsa,Jaksic,hjaksic6u@imdb.com,148.126.188.89
248,Osbourn,Kernocke,okernocke6v@usa.gov,72.65.114.230
249,Venita,Davidov,vdavidov6w@icio.us,97.203.137.204
250,Jemie,Jobbings,jjobbings6x@reference.com,89.50.111.30
251,Marlowe,Holborn,mholborn6y@ameblo.jp,215.90.149.240
252,Amos,Elverstone,aelverstone6z@narod.ru,230.149.180.118
253,Annora,Pillans,apillans70@furl.net,236.203.206.239
254,Averil,Clemitt,aclemitt71@e-recht24.de,188.110.167.96
255,Lurette,Broadbear,lbroadbear72@earthlink.net,243.74.75.75
256,Christel,Rainey,crainey73@github.com,19.123.113.111
257,Frayda,Scherer,fscherer74@google.pl,242.55.227.46
258,Huey,Harston,hharston75@skyrock.com,72.244.255.51
259,Malachi,Lesley,mlesley76@ibm.com,111.184.233.31
260,Kaitlynn,Nuccitelli,knuccitelli77@hostgator.com,249.239.13.223
261,Jacky,Fraschetti,jfraschetti78@unblog.fr,138.56.69.161
262,Juline,Bromet,jbromet79@tmall.com,186.246.38.80
263,Bobina,Curee,bcuree7a@list-manage.com,138.189.167.98
264,Berry,Elgie,belgie7b@va.gov,189.222.217.73
265,Ermentrude,Humble,ehumble7c@amazon.de,15.146.228.202
266,Riobard,Knock,rknock7d@cargocollective.com,80.129.117.1
267,Tommy,Beven,tbeven7e@vinaora.com,65.37.140.74
268,Rois,June,rjune7f@tuttocitta.it,137.38.206.66
269,Falkner,Dunthorn,fdunthorn7g@bloglines.com,34.199.116.246
270,Nanny,Sommers,nsommers7h@vimeo.com,210.102.184.159
271,Elsey,Halsho,ehalsho7i@netscape.com,199.111.5.15
272,Rob,Edens,redens7j@sogou.com,180.190.48.173
273,Ingelbert,Lemarie,ilemarie7k@163.com,129.223.140.9
274,Hillel,Wherrett,hwherrett7l@chron.com,81.49.234.141
275,Benni,Rutherforth,brutherforth7m@sourceforge.net,139.215.5.190
276,Karlyn,Collinge,kcollinge7n@wisc.edu,27.36.106.118
277,Garek,Taborre,gtaborre7o@cornell.edu,73.251.178.107
278,Sascha,Rothera,srothera7p@lycos.com,129.214.94.81
279,Matias,Eidelman,meidelman7q@businessinsider.com,123.194.14.230
280,Constancia,Khadir,ckhadir7r@list-manage.com,57.242.126.135
281,Desiri,Carleman,dcarleman7s@dot.gov,95.68.149.133
282,Luise,Endricci,lendricci7t@accuweather.com,171.217.172.82
283,Jeanne,Greensides,jgreensides7u@edublogs.org,137.18.231.26
284,Orel,Charon,ocharon7v@bloglovin.com,58.153.249.237
285,Fulton,Masserel,fmasserel7w@gnu.org,160.188.137.27
286,Gabie,Garrish,ggarrish7x@tinypic.com,164.8.35.164
287,Odetta,Dilke,odilke7y@tmall.com,72.84.110.202
288,Samuel,Berrie,sberrie7z@sina.com.cn,144.145.223.201
289,Cliff,Exley,cexley80@prlog.org,19.220.233.139
290,Urbain,Galiero,ugaliero81@amazon.com,180.68.218.20
291,Tine,Aberdeen,taberdeen82@imageshack.us,170.44.100.195
292,Jamesy,Le Noire,jlenoire83@digg.com,76.167.25.38
293,Aryn,Johannesson,ajohannesson84@springer.com,179.44.159.26
294,Blinnie,Moiser,bmoiser85@spotify.com,141.71.92.165
295,Jozef,Lark,jlark86@psu.edu,184.109.193.194
296,Errol,Garlicke,egarlicke87@oaic.gov.au,36.82.174.168
297,Barbi,Bothe,bbothe88@eventbrite.com,154.86.167.220
298,Aprilette,Matousek,amatousek89@reference.com,211.242.6.38
299,Niel,Polak,npolak8a@netscape.com,166.187.88.200
300,Sascha,Grene,sgrene8b@weebly.com,136.24.185.191
301,Leopold,Itzak,litzak8c@google.com.br,74.224.202.224
302,Horton,Bloomfield,hbloomfield8d@meetup.com,38.23.156.17
303,Tish,Fielders,tfielders8e@exblog.jp,61.92.126.129
304,Tucky,Vowells,tvowells8f@guardian.co.uk,186.123.2.15
305,Ferdinande,Bengefield,fbengefield8g@ocn.ne.jp,244.186.190.207
306,Fredi,Thormwell,fthormwell8h@pinterest.com,137.173.58.113
307,Bidget,Benson,bbenson8i@bloglovin.com,65.66.162.11
308,Marlo,Langmuir,mlangmuir8j@blogger.com,186.184.69.246
309,Al,Paulillo,apaulillo8k@cafepress.com,107.153.54.75
310,Burtie,Beckham,bbeckham8l@tinypic.com,144.56.119.184
311,Coleman,Lunt,clunt8m@wp.com,215.137.84.58
312,Saunder,Slimme,sslimme8n@scribd.com,60.42.43.90
313,Townsend,Mitrikhin,tmitrikhin8o@e-recht24.de,80.141.249.139
314,Hollie,Nitti,hnitti8p@shinystat.com,157.73.237.26
315,Hermine,Mulqueeny,hmulqueeny8q@symantec.com,3.156.135.136
316,Karna,Flaubert,kflaubert8r@prnewswire.com,69.253.213.21
317,Dell,Raff,draff8s@ft.com,133.217.33.60
318,Robena,Beldon,rbeldon8t@godaddy.com,159.232.247.133
319,Allix,Wehner,awehner8u@twitpic.com,48.111.82.173
320,Sigismond,Cardew,scardew8v@networkadvertising.org,221.160.132.209
321,Arnoldo,Ditchfield,aditchfield8w@google.ru,205.63.249.152
322,Kordula,Stilling,kstilling8x@free.fr,33.189.93.12
323,Nathalie,Lukesch,nlukesch8y@elpais.com,187.90.192.102
324,Micah,Ledbury,mledbury8z@taobao.com,107.144.14.159
325,Deena,Longthorn,dlongthorn90@vk.com,44.64.5.218
326,Vernor,La Padula,vlapadula91@yale.edu,186.45.210.84
327,Bernardo,Tabbitt,btabbitt92@stanford.edu,197.116.186.37
328,Nelie,Le Brun,nlebrun93@woothemes.com,195.10.241.18
329,Vinnie,Flewett,vflewett94@noaa.gov,133.28.92.200
330,Axe,MacAindreis,amacaindreis95@businessweek.com,217.251.31.121
331,Fanny,Goracci,fgoracci96@macromedia.com,155.233.244.39
332,Wenda,Lorimer,wlorimer97@apple.com,19.103.110.128
333,Lenka,Epsley,lepsley98@phoca.cz,111.6.80.81
334,Kaspar,Wager,kwager99@tinypic.com,105.67.57.65
335,Walliw,Bellee,wbellee9a@paypal.com,79.8.157.59
336,Karalynn,Hargraves,khargraves9b@tuttocitta.it,7.139.151.90
337,Goldia,Mainz,gmainz9c@nih.gov,73.70.21.101
338,Ailene,Crosoer,acrosoer9d@salon.com,8.147.208.4
339,Pierce,Matthewes,pmatthewes9e@canalblog.com,5.241.159.56
340,Jenelle,Krugmann,jkrugmann9f@1und1.de,251.102.8.128
341,Bidget,Coalburn,bcoalburn9g@posterous.com,191.155.87.173
342,Jany,Carpmile,jcarpmile9h@zdnet.com,220.62.27.111
343,Eleonore,Gomersall,egomersall9i@facebook.com,33.144.187.232
344,Craggy,Raubheim,craubheim9j@si.edu,143.222.184.70
345,Suellen,Rigbye,srigbye9k@booking.com,143.43.195.214
346,Nikos,Mannering,nmannering9l@linkedin.com,125.45.208.113
347,Rochette,Konmann,rkonmann9m@canalblog.com,67.219.22.127
348,Gabriella,Weich,gweich9n@newsvine.com,26.100.131.206
349,Sayre,Janodet,sjanodet9o@360.cn,50.170.117.178
350,Wyatt,Nielson,wnielson9p@cam.ac.uk,5.121.109.156
351,Korella,Gabits,kgabits9q@histats.com,56.117.222.161
352,Kalinda,Slisby,kslisby9r@exblog.jp,114.119.142.204
353,Elli,Woodings,ewoodings9s@multiply.com,95.115.255.64
354,Violante,Fierman,vfierman9t@joomla.org,112.100.39.56
355,Gus,Purdy,gpurdy9u@admin.ch,157.48.64.160
356,Bret,Arent,barent9v@google.com.br,176.66.210.103
357,Dorelia,Pinsent,dpinsent9w@dyndns.org,240.161.137.119
358,Sarah,Haldenby,shaldenby9x@de.vu,168.194.22.185
359,Laverne,Doran,ldoran9y@sbwire.com,184.80.64.230
360,Leticia,Kaming,lkaming9z@addthis.com,189.113.115.190
361,Bevvy,Matysik,bmatysika0@tripadvisor.com,0.129.85.185
362,Corene,Hew,chewa1@moonfruit.com,34.24.193.185
363,Merrill,Kauffman,mkauffmana2@devhub.com,117.180.62.105
364,Rafa,Aurelius,raureliusa3@census.gov,90.89.146.69
365,Darbie,Fullylove,dfullylovea4@pcworld.com,202.187.227.74
366,Ariadne,Kubacek,akubaceka5@booking.com,249.96.39.98
367,Donny,Tofanini,dtofaninia6@sakura.ne.jp,108.25.220.167
368,Sarene,Hagger,shaggera7@ucoz.com,201.27.83.31
369,Allissa,O'Riordan,aoriordana8@livejournal.com,119.252.53.75
370,Yurik,Pickvance,ypickvancea9@dailymotion.com,169.229.101.70
371,Marni,Dyne,mdyneaa@yellowbook.com,146.220.3.170
372,Lari,Daintry,ldaintryab@foxnews.com,29.204.193.121
373,Randy,Dudderidge,rdudderidgeac@npr.org,246.162.120.253
374,Shepard,Leggon,sleggonad@statcounter.com,253.45.152.170
375,Elise,Paladini,epaladiniae@instagram.com,237.198.16.207
376,Tucky,Poulney,tpoulneyaf@hc360.com,241.129.180.219
377,Niven,Handley,nhandleyag@wsj.com,199.124.46.224
378,Aubrie,Gossington,agossingtonah@taobao.com,136.215.253.225
379,Rose,Edmott,redmottai@toplist.cz,123.55.1.202
380,Laurence,Stive,lstiveaj@bloomberg.com,32.151.116.215
381,Renado,Capner,rcapnerak@tuttocitta.it,176.181.1.64
382,Cinnamon,Udall,cudallal@sina.com.cn,79.251.18.131
383,Dara,Pechell,dpechellam@hugedomains.com,77.151.74.147
384,Ogdon,Priestley,opriestleyan@is.gd,74.110.240.95
385,Amalia,Glasgow,aglasgowao@skype.com,138.23.37.179
386,Murdock,Pallaske,mpallaskeap@dot.gov,46.127.253.28
387,Dunstan,Shapira,dshapiraaq@nyu.edu,139.41.136.220
388,Baillie,Grigaut,bgrigautar@mapquest.com,100.44.137.101
389,Wynne,Yantsev,wyantsevas@census.gov,121.7.89.255
390,Flin,Gambles,fgamblesat@fastcompany.com,215.78.5.24
391,Rockie,Ranyell,rranyellau@godaddy.com,35.62.243.58
392,Hyacintha,Davidovits,hdavidovitsav@kickstarter.com,75.151.181.17
393,Jobi,Handslip,jhandslipaw@vkontakte.ru,167.142.220.79
394,Kiele,Gerling,kgerlingax@webnode.com,89.216.2.254
395,Melli,Semered,msemereday@i2i.jp,5.207.79.35
396,Scarface,Parcall,sparcallaz@tinypic.com,68.136.207.212
397,Verge,Puckring,vpuckringb0@washingtonpost.com,75.197.108.133
398,Siffre,Deavin,sdeavinb1@virginia.edu,82.207.59.218
399,Antoni,Dowson,adowsonb2@networkadvertising.org,93.232.88.22
400,Genevieve,Cote,gcoteb3@zimbio.com,221.80.250.41
401,Sibyl,Peatt,speattb4@goo.ne.jp,25.69.218.61
402,Jillane,Gwynn,jgwynnb5@github.com,10.142.159.161
403,Howard,Haeslier,hhaeslierb6@freewebs.com,64.165.140.67
404,Cordey,Grundon,cgrundonb7@umich.edu,2.69.130.216
405,Cyrille,Kitcherside,ckitchersideb8@indiegogo.com,57.206.250.216
406,Nada,O'Scannill,noscannillb9@techcrunch.com,107.136.10.198
407,Mal,Iaduccelli,miaduccelliba@theatlantic.com,178.10.55.146
408,Ingamar,Odlin,iodlinbb@webmd.com,232.213.113.74
409,Ardith,Ilden,aildenbc@theguardian.com,175.131.237.80
410,Rudyard,Weems,rweemsbd@usgs.gov,45.110.193.25
411,Christal,Mandel,cmandelbe@topsy.com,152.149.51.78
412,Cirillo,Rilton,criltonbf@dell.com,202.253.69.81
413,Dayle,Dionisetto,ddionisettobg@guardian.co.uk,147.148.75.114
414,Gallard,Joisce,gjoiscebh@tripadvisor.com,224.165.135.9
415,Marven,Antoniazzi,mantoniazzibi@seesaa.net,116.184.49.3
416,Agata,Berrecloth,aberreclothbj@paginegialle.it,70.219.82.111
417,Guntar,Caramuscia,gcaramusciabk@posterous.com,107.116.230.195
418,Sacha,Ilyuchyov,silyuchyovbl@wikia.com,36.98.56.106
419,Pietrek,Branscomb,pbranscombbm@chicagotribune.com,188.111.196.80
420,Sonny,Lathom,slathombn@dmoz.org,61.26.166.148
421,Hugo,Berka,hberkabo@yandex.ru,107.100.183.56
422,Arden,Leithgoe,aleithgoebp@storify.com,95.34.132.62
423,Creighton,Dallender,cdallenderbq@wordpress.com,125.234.118.249
424,Viviana,Daddow,vdaddowbr@godaddy.com,240.12.210.249
425,Eleni,Petticrow,epetticrowbs@sbwire.com,69.3.33.249
426,Bennie,Sussans,bsussansbt@fotki.com,45.207.77.137
427,Marna,Small,msmallbu@toplist.cz,123.198.154.61
428,Rick,Argent,rargentbv@chicagotribune.com,84.119.229.61
429,Bartholomeo,Eaden,beadenbw@ehow.com,129.61.32.2
430,Selinda,Bernardeschi,sbernardeschibx@utexas.edu,52.18.11.123
431,Dorothy,Willbond,dwillbondby@paypal.com,255.86.132.102
432,Maxy,Yegorkin,myegorkinbz@adobe.com,91.99.224.85
433,Milty,Merrien,mmerrienc0@oakley.com,142.185.1.120
434,Deana,Keeton,dkeetonc1@stumbleupon.com,94.74.40.16
435,Maurice,Semonin,msemoninc2@globo.com,29.74.28.97
436,Verina,Tuohy,vtuohyc3@shinystat.com,163.98.34.193
437,Alvan,Radki,aradkic4@adobe.com,159.99.86.125
438,Urbano,Meace,umeacec5@domainmarket.com,55.248.16.56
439,Arch,Mathan,amathanc6@e-recht24.de,171.37.51.193
440,Norina,Kluger,nklugerc7@domainmarket.com,186.171.217.165
441,Peg,Upjohn,pupjohnc8@sphinn.com,14.154.117.228
442,Adel,Gilleson,agillesonc9@over-blog.com,46.123.170.230
443,Jessee,McHan,jmchanca@google.co.jp,59.235.67.57
444,Danyelle,Thirkettle,dthirkettlecb@dmoz.org,132.163.44.3
445,Mahmud,Jennions,mjennionscc@nhs.uk,244.35.164.108
446,Crista,Linfitt,clinfittcd@addtoany.com,17.112.82.233
447,Cookie,Greener,cgreenerce@discovery.com,254.201.181.228
448,Elisabetta,Shorthouse,eshorthousecf@canalblog.com,233.145.134.121
449,Tris,Sealove,tsealovecg@rambler.ru,200.63.177.155
450,Vassili,Sausman,vsausmanch@simplemachines.org,227.165.174.154
451,Richardo,Greenhalf,rgreenhalfci@nifty.com,207.155.226.117
452,Art,Sprulls,asprullscj@people.com.cn,255.98.128.41
453,Karisa,Osmant,kosmantck@ihg.com,51.179.186.10
454,Alonzo,Mathissen,amathissencl@gnu.org,138.254.124.156
455,Julian,Egar,jegarcm@shinystat.com,206.184.90.95
456,Carr,Drewery,cdrewerycn@fotki.com,159.203.49.64
457,Patrick,Maskell,pmaskellco@patch.com,99.170.154.28
458,Dorie,Greatbanks,dgreatbankscp@icq.com,120.29.83.233
459,Bennie,Commings,bcommingscq@hugedomains.com,240.40.129.92
460,Ad,Liversidge,aliversidgecr@hostgator.com,76.156.244.103
461,Michael,Plose,mplosecs@imgur.com,252.70.193.177
462,Benedick,Beetham,bbeethamct@github.io,230.158.162.179
463,Delcina,Vasyaev,dvasyaevcu@edublogs.org,79.4.184.135
464,Concordia,Bustin,cbustincv@amazonaws.com,169.101.142.196
465,Cindelyn,Fidgeon,cfidgeoncw@skyrock.com,245.24.36.48
466,Morna,Gennings,mgenningscx@jigsy.com,223.77.138.129
467,Mathias,Lanfear,mlanfearcy@google.es,28.24.25.154
468,Conchita,Darnbrook,cdarnbrookcz@imageshack.us,72.150.44.213
469,Melania,Bray,mbrayd0@godaddy.com,42.97.190.115
470,Ara,Pummery,apummeryd1@imdb.com,255.156.2.6
471,Nancey,Hagger,nhaggerd2@yellowbook.com,142.158.195.148
472,Lorrie,Perl,lperld3@netvibes.com,155.18.40.58
473,Tybi,Fippe,tfipped4@geocities.com,120.230.129.151
474,Jacquie,Alennikov,jalennikovd5@bizjournals.com,229.17.75.31
475,Alice,Kimblin,akimblind6@friendfeed.com,169.126.134.44
476,Umeko,Dee,udeed7@cpanel.net,74.180.144.114
477,Joeann,Guiduzzi,jguiduzzid8@ebay.co.uk,253.54.216.220
478,Nikolaus,Antczak,nantczakd9@stumbleupon.com,120.60.58.39
479,Vinnie,Rase,vraseda@cdc.gov,21.71.197.109
480,Cristiano,Keightley,ckeightleydb@walmart.com,100.47.156.180
481,Odelia,Silverman,osilvermandc@vkontakte.ru,212.223.213.171
482,Hieronymus,Pero,hperodd@ox.ac.uk,124.153.242.217
483,Randall,Elsey,relseyde@va.gov,229.218.70.198
484,Flor,Pott,fpottdf@free.fr,34.209.170.15
485,Jaquenetta,O'Luney,joluneydg@unblog.fr,191.143.188.41
486,Jacob,Raffeorty,jraffeortydh@mozilla.com,48.103.190.133
487,Ulrich,Ewbach,uewbachdi@ehow.com,133.53.100.106
488,Minna,Blaase,mblaasedj@jigsy.com,71.125.72.22
489,Faun,Monte,fmontedk@godaddy.com,229.121.186.236
490,Nelle,Bauldry,nbauldrydl@utexas.edu,101.123.175.187
491,Celestyn,Bonsey,cbonseydm@360.cn,46.142.2.96
492,Husein,Ygou,hygoudn@state.tx.us,25.34.92.173
493,Caroline,MacGhee,cmacgheedo@huffingtonpost.com,186.39.190.27
494,Lenci,Sudddard,lsudddarddp@yandex.ru,150.123.19.106
495,Cyndi,Fermor,cfermordq@redcross.org,31.197.6.1
496,Nicola,Holdworth,nholdworthdr@theglobeandmail.com,230.157.175.119
497,Erskine,Sleeford,esleefordds@icq.com,143.65.45.247
498,Hugo,Sallans,hsallansdt@networkadvertising.org,172.189.112.120
499,Aigneis,Fielding,afieldingdu@domainmarket.com,150.180.87.186
500,Odille,Cordle,ocordledv@ning.com,232.12.66.81
501,Crissie,Leeburne,cleeburnedw@tripadvisor.com,63.4.59.236
502,Joellen,Humerstone,jhumerstonedx@sourceforge.net,21.20.41.255
503,Colan,Beeston,cbeestondy@cyberchimps.com,94.185.41.60
504,Carlin,Pymar,cpymardz@usa.gov,49.4.184.38
505,Vladimir,Royan,vroyane0@i2i.jp,129.0.197.102
506,Benoit,Cave,bcavee1@yelp.com,160.121.183.200
507,Markos,Sanders,msanderse2@amazonaws.com,8.194.254.14
508,Jordain,Dangerfield,jdangerfielde3@bizjournals.com,113.131.131.230
509,Olin,Dressel,odressele4@nih.gov,68.22.55.75
510,Tootsie,Casina,tcasinae5@unesco.org,140.197.80.6
511,Jaine,Tames,jtamese6@123-reg.co.uk,181.237.163.178
512,Stacee,Corpe,scorpee7@com.com,23.145.75.19
513,Christoper,Mulholland,cmulhollande8@cloudflare.com,138.66.221.165
514,Wilmette,Chippindall,wchippindalle9@wiley.com,238.31.10.54
515,Stacy,Varren,svarrenea@scientificamerican.com,198.135.135.125
516,Wakefield,Whatley,wwhatleyeb@chicagotribune.com,224.80.67.163
517,Benjie,Zylberdik,bzylberdikec@simplemachines.org,214.145.155.244
518,Grove,Arnoud,garnouded@usatoday.com,29.37.200.178
519,Archer,Willisch,awillischee@homestead.com,230.15.209.91
520,Lora,Itzik,litzikef@uol.com.br,214.30.81.140
521,Spenser,Antecki,santeckieg@arizona.edu,100.244.95.54
522,Aylmer,Ladyman,aladymaneh@sun.com,245.167.247.105
523,Germain,Sprake,gsprakeei@photobucket.com,186.27.137.199
524,Tiphany,Keers,tkeersej@desdev.cn,40.227.72.179
525,Jania,Romeuf,jromeufek@reference.com,29.52.103.90
526,Colly,Hoggan,chogganel@cnet.com,239.205.129.244
527,Yorker,D'orsay,ydorsayem@pinterest.com,85.205.14.105
528,Theresina,Clarkin,tclarkinen@noaa.gov,197.104.6.227
529,Raff,Tomaskunas,rtomaskunaseo@economist.com,139.215.69.60
530,Selestina,Oliff,soliffep@blinklist.com,203.226.86.219
531,Hayley,Durrell,hdurrelleq@msn.com,237.20.214.115
532,Kendell,Castagna,kcastagnaer@ocn.ne.jp,188.18.85.109
533,Gavin,McEnteggart,gmcenteggartes@unc.edu,218.237.174.15
534,Hewe,Treanor,htreanoret@seesaa.net,124.100.100.47
535,Gerek,Baldree,gbaldreeeu@cdbaby.com,104.198.43.108
536,Abbie,Hought,ahoughtev@businessinsider.com,235.200.253.117
537,Korey,Luchelli,kluchelliew@wisc.edu,244.54.8.167
538,Yulma,Strass,ystrassex@google.cn,121.77.87.148
539,Ginelle,Lattos,glattosey@about.com,199.19.143.101
540,Micky,Gapper,mgapperez@ihg.com,216.161.241.182
541,Jillana,Wilkes,jwilkesf0@globo.com,103.80.62.70
542,Yorker,Dovidian,ydovidianf1@cdbaby.com,84.93.170.15
543,Marji,Gynn,mgynnf2@ameblo.jp,221.93.30.164
544,Thornton,Sparsholt,tsparsholtf3@gizmodo.com,62.74.82.24
545,Tiffanie,Jorio,tjoriof4@microsoft.com,55.63.50.74
546,Eb,Panas,epanasf5@noaa.gov,116.166.54.202
547,Kelsey,Richley,krichleyf6@infoseek.co.jp,73.49.174.131
548,Rochette,Pickaver,rpickaverf7@ca.gov,74.105.115.83
549,Nap,Smiths,nsmithsf8@constantcontact.com,70.29.217.233
550,Zachery,Giroldi,zgiroldif9@yahoo.co.jp,201.172.110.14
551,Jerry,Upcraft,jupcraftfa@tinyurl.com,246.59.53.155
552,Zondra,Comelli,zcomellifb@sbwire.com,207.173.7.110
553,Pooh,Stivani,pstivanifc@fc2.com,7.54.130.157
554,Adlai,Downing,adowningfd@barnesandnoble.com,0.185.140.237
555,Bryn,Leasor,bleasorfe@tinypic.com,62.99.222.40
556,Jermain,Hallen,jhallenff@altervista.org,208.237.254.163
557,Kaja,Malam,kmalamfg@hugedomains.com,82.73.128.222
558,Haleigh,Este,hestefh@technorati.com,179.84.119.212
559,Norene,Eilles,neillesfi@meetup.com,92.222.142.23
560,Clem,Uttridge,cuttridgefj@amazon.de,75.62.87.109
561,Amalee,Lehr,alehrfk@studiopress.com,66.178.91.116
562,Dick,Biskupek,dbiskupekfl@dyndns.org,82.205.27.121
563,Timothee,Wyne,twynefm@sun.com,23.150.110.15
564,Lynnette,Crampsey,lcrampseyfn@g.co,159.218.111.16
565,Alessandro,Eubank,aeubankfo@example.com,112.126.21.146
566,Raymond,Mabb,rmabbfp@phpbb.com,194.11.65.97
567,Felice,Murden,fmurdenfq@amazon.co.uk,168.83.86.255
568,Hillier,Swain,hswainfr@bbc.co.uk,234.106.94.185
569,Sara-ann,Tottle,stottlefs@1688.com,27.21.54.166
570,Juliette,Regelous,jregelousft@usgs.gov,54.73.49.58
571,Virgil,Swanbourne,vswanbournefu@huffingtonpost.com,123.36.218.135
572,Lance,Pryde,lprydefv@dmoz.org,61.113.140.59
573,Haleigh,Dignon,hdignonfw@nydailynews.com,76.115.110.120
574,Fonsie,Rangle,franglefx@sbwire.com,81.54.248.55
575,Tish,Settle,tsettlefy@constantcontact.com,185.65.115.193
576,Stanton,Triebner,striebnerfz@sourceforge.net,3.150.114.100
577,Harlie,Ivell,hivellg0@123-reg.co.uk,111.97.93.218
578,Jayne,Tottem,jtottemg1@nature.com,254.113.187.191
579,Aldridge,Hub,ahubg2@nifty.com,128.211.247.31
580,Sascha,McClory,smccloryg3@de.vu,41.200.95.168
581,Chauncey,Schollar,cschollarg4@wikipedia.org,40.164.55.88
582,Wally,Larchiere,wlarchiereg5@japanpost.jp,83.84.86.73
583,Andree,Tabour,atabourg6@phpbb.com,245.11.59.171
584,Dame,Cockcroft,dcockcroftg7@instagram.com,179.149.40.25
585,Rodolfo,Shimon,rshimong8@aol.com,164.102.1.215
586,Franky,Cosens,fcosensg9@cisco.com,146.218.124.23
587,Adelbert,Milstead,amilsteadga@cyberchimps.com,242.115.66.29
588,Lyndel,Bush,lbushgb@deviantart.com,91.5.97.87
589,Calida,Riccardo,criccardogc@craigslist.org,43.146.134.192
590,Taddeo,Snarr,tsnarrgd@cmu.edu,114.233.155.176
591,Josselyn,Ritchings,jritchingsge@gov.uk,134.177.147.31
592,Chauncey,Jahan,cjahangf@nhs.uk,14.154.61.24
593,Hogan,O'Kane,hokanegg@booking.com,166.150.197.158
594,Boycey,Peirce,bpeircegh@bluehost.com,250.229.178.17
595,Gelya,Keighly,gkeighlygi@census.gov,182.230.86.4
596,Conrado,McAviy,cmcaviygj@myspace.com,244.14.165.137
597,Morse,Kehir,mkehirgk@google.de,221.70.23.166
598,Hamil,Eisikowitz,heisikowitzgl@slate.com,214.113.186.198
599,Rozamond,Hold,rholdgm@istockphoto.com,105.231.118.196
600,Morgana,Adao,madaogn@posterous.com,134.145.72.134
601,Eldin,Devo,edevogo@wiley.com,147.204.113.161
602,Freeman,Egan,fegangp@illinois.edu,201.183.204.180
603,Lois,Flaxon,lflaxongq@jalbum.net,82.112.186.49
604,Alick,Klaffs,aklaffsgr@fastcompany.com,188.200.127.134
605,Johnathon,Ungerechts,jungerechtsgs@com.com,206.161.215.184
606,Rance,Huet,rhuetgt@ameblo.jp,96.129.147.243
607,Ailsun,Vasechkin,avasechkingu@yahoo.co.jp,214.242.40.114
608,Charity,Merman,cmermangv@sun.com,71.46.228.204
609,Julia,Jeffes,jjeffesgw@wisc.edu,119.92.155.5
610,Ricki,Friary,rfriarygx@discovery.com,3.47.197.180
611,Kaitlyn,Cheale,kchealegy@pen.io,99.29.190.246
612,Dylan,Achurch,dachurchgz@utexas.edu,175.141.149.80
613,Neilla,Cantu,ncantuh0@phoca.cz,227.162.160.72
614,Mathew,Piechnik,mpiechnikh1@sourceforge.net,164.236.2.168
615,Kory,Reck,kreckh2@sciencedaily.com,97.238.135.207
616,Wallie,Cleworth,wcleworthh3@deviantart.com,240.91.45.206
617,Godiva,Snookes,gsnookesh4@eepurl.com,21.69.139.161
618,Lanna,Joannic,ljoannich5@seesaa.net,185.246.91.164
619,Molly,McMurray,mmcmurrayh6@huffingtonpost.com,193.6.149.20
620,Eb,McDaid,emcdaidh7@domainmarket.com,230.125.92.54
621,Vernice,O Sullivan,vosullivanh8@mac.com,205.53.190.42
622,Carmelina,Penquet,cpenqueth9@sbwire.com,135.61.41.209
623,Victoria,Lowdwell,vlowdwellha@ucla.edu,16.140.86.160
624,Luella,Barth,lbarthhb@friendfeed.com,92.5.66.160
625,Gannon,Kleinhaut,gkleinhauthc@mail.ru,50.106.165.67
626,Chet,Morley,cmorleyhd@amazon.co.uk,45.213.229.252
627,Emmy,Carne,ecarnehe@ehow.com,31.146.185.89
628,Jerri,Mould,jmouldhf@themeforest.net,26.119.134.158
629,Connie,Drennan,cdrennanhg@storify.com,68.43.95.202
630,Martica,Seeman,mseemanhh@sourceforge.net,2.135.193.46
631,Angelita,Ruggiero,aruggierohi@sciencedirect.com,149.148.88.178
632,Mamie,Dorcey,mdorceyhj@hubpages.com,255.156.235.30
633,Rubi,Januszewicz,rjanuszewiczhk@microsoft.com,0.199.30.89
634,Beverlee,Simonian,bsimonianhl@constantcontact.com,100.211.37.131
635,Clevey,Toope,ctoopehm@wikimedia.org,146.146.146.225
636,Gasparo,Itzhaiek,gitzhaiekhn@mac.com,53.232.69.118
637,Lemar,Taffie,ltaffieho@ehow.com,217.166.26.121
638,Rafaelia,Fry,rfryhp@goo.ne.jp,43.93.241.209
639,Thadeus,MacAnulty,tmacanultyhq@is.gd,223.40.172.73
640,Felizio,Klehn,fklehnhr@oaic.gov.au,113.89.154.199
641,Charleen,Spaule,cspaulehs@google.de,105.254.11.100
642,Tami,Axton,taxtonht@wordpress.org,68.218.158.191
643,Milissent,Edwick,medwickhu@github.io,98.214.32.15
644,Lewie,Lethem,llethemhv@phpbb.com,172.31.106.94
645,Isidore,Pawelec,ipawelechw@free.fr,152.35.239.68
646,Prudi,Jewel,pjewelhx@exblog.jp,218.3.71.119
647,Ruddie,Hailston,rhailstonhy@xing.com,149.188.28.250
648,Cilka,Pinniger,cpinnigerhz@a8.net,13.26.65.26
649,Teri,Mabone,tmabonei0@nifty.com,223.84.230.78
650,Ban,Lulham,blulhami1@theguardian.com,110.1.149.144
651,Beverly,Fumagalli,bfumagallii2@wp.com,144.26.37.112
652,Delbert,Wattisham,dwattishami3@state.tx.us,75.110.110.196
653,Winifred,MacCague,wmaccaguei4@icio.us,144.22.84.118
654,Onofredo,McAllaster,omcallasteri5@state.tx.us,125.2.166.103
655,Ines,Girardoni,igirardonii6@de.vu,210.79.150.93
656,Niles,Salvadori,nsalvadorii7@joomla.org,226.242.50.108
657,Maud,Attride,mattridei8@w3.org,213.18.226.250
658,Carmelia,Sloy,csloyi9@npr.org,21.166.110.157
659,Domeniga,Rumke,drumkeia@surveymonkey.com,227.22.226.69
660,Heinrik,Goodlatt,hgoodlattib@yale.edu,53.186.98.89
661,Shamus,Flescher,sflescheric@free.fr,169.157.186.223
662,Tamar,Ivancevic,tivancevicid@nba.com,110.248.181.207
663,Tyne,Colls,tcollsie@bloomberg.com,90.170.106.140
664,Stephenie,Ferenc,sferencif@clickbank.net,103.254.198.172
665,Dorena,Wesgate,dwesgateig@biglobe.ne.jp,225.134.48.216
666,Kally,Yashanov,kyashanovih@wufoo.com,121.145.209.216
667,Fey,Coots,fcootsii@hubpages.com,139.178.173.59
668,Chryste,Nagle,cnagleij@is.gd,252.69.139.63
669,Elwyn,Belden,ebeldenik@gov.uk,147.44.64.149
670,Aveline,Southerns,asouthernsil@skype.com,213.44.233.115
671,Moshe,Van De Cappelle,mvandecappelleim@ca.gov,69.140.251.199
672,Nan,Darko,ndarkoin@wordpress.org,224.132.248.136
673,Helenka,Apedaile,hapedaileio@oakley.com,19.205.245.222
674,Rene,Delamaine,rdelamaineip@indiatimes.com,29.163.175.112
675,Katharina,Devote,kdevoteiq@xinhuanet.com,24.244.180.169
676,Christie,Mesant,cmesantir@whitehouse.gov,23.173.243.115
677,Morris,Lawrenz,mlawrenzis@spotify.com,158.139.186.241
678,Corbet,Clapperton,cclappertonit@typepad.com,167.27.74.66
679,Rahel,Derx,rderxiu@utexas.edu,70.156.221.176
680,Chris,Ojeda,cojedaiv@blogtalkradio.com,179.130.184.77
681,Barnett,Jefferies,bjefferiesiw@devhub.com,21.155.53.217
682,Oona,Yurasov,oyurasovix@linkedin.com,204.184.60.188
683,Gunner,Mallen,gmalleniy@mayoclinic.com,160.245.32.203
684,Deloria,Jiggins,djigginsiz@usa.gov,96.6.156.100
685,Lonny,Faust,lfaustj0@gravatar.com,20.45.116.64
686,Kimberlee,Follan,kfollanj1@typepad.com,174.30.175.18
687,Wylie,Lusher,wlusherj2@weibo.com,115.252.123.173
688,Tore,MacAllan,tmacallanj3@angelfire.com,18.57.99.90
689,Hill,Dittson,hdittsonj4@bandcamp.com,73.0.133.168
690,Noelani,Skells,nskellsj5@noaa.gov,48.4.75.15
691,Raynell,McLay,rmclayj6@bloglines.com,89.161.128.45
692,Theo,Skamell,tskamellj7@topsy.com,207.104.64.198
693,Damaris,Bourner,dbournerj8@utexas.edu,210.51.25.122
694,Gaylord,Mabey,gmabeyj9@nifty.com,253.135.220.62
695,Karlene,Ovitts,kovittsja@lulu.com,94.8.4.68
696,Eba,MacCallam,emaccallamjb@webmd.com,120.50.143.35
697,Eliza,Kleynen,ekleynenjc@paginegialle.it,10.44.168.77
698,Marabel,McIlmorow,mmcilmorowjd@reuters.com,91.63.228.210
699,Chelsae,Scrowby,cscrowbyje@wordpress.org,66.159.230.103
700,Cchaddie,Wessell,cwesselljf@admin.ch,73.138.42.203
701,Clem,Woodhams,cwoodhamsjg@gnu.org,88.40.45.243
702,Blair,Stainbridge,bstainbridgejh@163.com,140.121.169.33
703,Paquito,Proudley,pproudleyji@psu.edu,182.45.199.108
704,Miriam,Kinchlea,mkinchleajj@behance.net,6.22.18.190
705,Marcello,Salzen,msalzenjk@dailymail.co.uk,91.40.30.223
706,Royce,Vedeniktov,rvedeniktovjl@google.pl,37.148.44.139
707,Veronika,Losebie,vlosebiejm@amazon.com,87.200.49.38
708,Nicol,Bradshaw,nbradshawjn@goo.gl,75.255.241.178
709,Lauree,Mistry,lmistryjo@dyndns.org,196.6.143.19
710,Mariette,Eiler,meilerjp@businesswire.com,47.34.237.184
711,Gwynne,Ballintime,gballintimejq@dailymail.co.uk,15.10.141.69
712,Debora,Ismail,dismailjr@abc.net.au,120.67.133.39
713,Junette,Probets,jprobetsjs@joomla.org,73.90.240.28
714,Ermina,Oultram,eoultramjt@java.com,58.120.156.214
715,Flint,Ambrozewicz,fambrozewiczju@a8.net,123.23.85.236
716,Emelyne,Lowater,elowaterjv@flickr.com,121.97.83.10
717,Fabien,Cordes,fcordesjw@scribd.com,154.133.147.222
718,Ulysses,Really,ureallyjx@nasa.gov,24.93.253.93
719,Derrick,Lamba,dlambajy@yahoo.co.jp,250.71.93.83
720,Darice,Brugmann,dbrugmannjz@cocolog-nifty.com,4.74.73.205
721,Tim,Hambrick,thambrickk0@tripadvisor.com,58.228.28.101
722,Rriocard,Sharnock,rsharnockk1@comcast.net,43.19.194.250
723,Jamesy,Herkess,jherkessk2@diigo.com,71.197.133.148
724,Katharine,Acey,kaceyk3@infoseek.co.jp,49.36.196.210
725,Billie,Cosser,bcosserk4@booking.com,140.139.188.113
726,Alden,Oloman,aolomank5@opera.com,30.231.152.88
727,Isabel,Everington,ieveringtonk6@noaa.gov,88.87.81.175
728,Reagen,Claypoole,rclaypoolek7@i2i.jp,162.162.123.132
729,Johannah,Glazyer,jglazyerk8@nyu.edu,33.200.114.194
730,Ludovika,Wheatley,lwheatleyk9@instagram.com,216.173.231.98
731,Belinda,Carneck,bcarneckka@artisteer.com,71.16.12.81
732,Barclay,Beernt,bbeerntkb@ucla.edu,5.235.131.221
733,Ronica,Gethings,rgethingskc@princeton.edu,167.165.39.132
734,Palm,Borrie,pborriekd@geocities.com,150.166.158.149
735,Winifred,Feige,wfeigeke@state.tx.us,232.59.108.23
736,Calhoun,Awdry,cawdrykf@geocities.com,202.207.205.125
737,Merrel,Feaveer,mfeaveerkg@google.com.au,230.206.116.141
738,Almira,Maytum,amaytumkh@netlog.com,19.190.198.91
739,Walton,Titterell,wtitterellki@g.co,80.30.170.122
740,Orbadiah,Steiner,osteinerkj@wix.com,145.41.161.53
741,Honey,Turbern,hturbernkk@cbsnews.com,201.87.214.189
742,Trudie,Gullick,tgullickkl@indiegogo.com,236.102.13.57
743,Shoshana,Brash,sbrashkm@cnet.com,124.189.189.238
744,Ignaz,Senter,isenterkn@upenn.edu,18.77.194.234
745,Bette-ann,Mapston,bmapstonko@nps.gov,5.122.98.193
746,Randie,Calvert,rcalvertkp@princeton.edu,102.57.80.113
747,Meryl,Fishbourne,mfishbournekq@ehow.com,178.104.32.254
748,Maurene,Lieb,mliebkr@amazon.co.jp,134.176.251.149
749,Dewie,Bauldrey,dbauldreyks@go.com,224.164.1.65
750,Emmy,Marrison,emarrisonkt@cnbc.com,62.147.237.24
751,Denna,Buckbee,dbuckbeeku@elegantthemes.com,77.244.13.191
752,Cinda,Hackwell,chackwellkv@wikimedia.org,158.245.4.117
753,Reggi,Gitting,rgittingkw@ow.ly,34.23.246.77
754,Austine,Briand,abriandkx@github.io,251.79.121.188
755,Honey,Robinet,hrobinetky@comcast.net,38.50.81.151
756,Harmonie,Ebbage,hebbagekz@sitemeter.com,246.132.32.189
757,Nicolle,Oslar,noslarl0@sina.com.cn,191.247.47.180
758,Rhody,Wolver,rwolverl1@bizjournals.com,128.212.118.7
759,Hendrik,Fury,hfuryl2@ehow.com,191.213.73.250
760,Shea,Windle,swindlel3@wufoo.com,96.224.11.247
761,Arel,Eden,aedenl4@jiathis.com,155.88.245.203
762,Roseanna,Antliff,rantliffl5@answers.com,254.203.160.132
763,Janie,Saddleton,jsaddletonl6@chron.com,51.230.215.237
764,Cob,Swiggs,cswiggsl7@sbwire.com,48.56.81.1
765,Trixi,Muffin,tmuffinl8@dot.gov,189.46.242.16
766,Victoir,Shiel,vshiell9@yellowpages.com,16.129.132.167
767,Mervin,Clemence,mclemencela@free.fr,240.176.132.204
768,Margit,MacAlinden,mmacalindenlb@economist.com,212.169.92.160
769,Maggee,McLarens,mmclarenslc@discuz.net,97.152.94.235
770,Boone,Ygou,bygould@com.com,29.141.157.134
771,Jaclin,Brodie,jbrodiele@over-blog.com,156.239.105.33
772,Cornell,Holworth,cholworthlf@51.la,102.48.247.74
773,Tiphanie,Trevaskiss,ttrevaskisslg@w3.org,2.186.156.119
774,Erv,Powrie,epowrielh@bbb.org,100.22.131.21
775,Nate,Breinl,nbreinlli@sakura.ne.jp,61.214.185.80
776,Elizabet,Caldecott,ecaldecottlj@altervista.org,209.10.206.18
777,Reggie,Mumm,rmummlk@parallels.com,30.170.192.111
778,Claudette,Daubney,cdaubneyll@desdev.cn,160.59.69.32
779,Ashley,Sprakes,asprakeslm@apache.org,178.139.29.150
780,Rebeca,Creeboe,rcreeboeln@omniture.com,233.1.230.184
781,Rozamond,Teas,rteaslo@linkedin.com,43.183.220.38
782,Hammad,Martinho,hmartinholp@nymag.com,29.100.226.73
783,Hercule,Lindenbaum,hlindenbaumlq@china.com.cn,135.10.104.213
784,Aimee,Gregg,agregglr@meetup.com,150.120.42.168
785,Wini,Seivertsen,wseivertsenls@cocolog-nifty.com,106.250.151.84
786,Dominique,Karpeev,dkarpeevlt@nymag.com,29.106.138.165
787,Annamaria,Boxer,aboxerlu@amazon.co.uk,208.215.97.27
788,Riobard,Pimm,rpimmlv@dailymail.co.uk,48.176.125.63
789,Alan,Aharoni,aaharonilw@biblegateway.com,77.175.47.141
790,Jaymee,Ingon,jingonlx@devhub.com,114.101.184.82
791,Darbee,Tripon,dtriponly@psu.edu,118.229.122.76
792,Gerti,Cholonin,gcholoninlz@livejournal.com,177.72.45.210
793,Katerina,Jindrak,kjindrakm0@un.org,25.86.162.111
794,Alexei,Keddie,akeddiem1@furl.net,128.247.127.216
795,Fax,Phipps,fphippsm2@dion.ne.jp,46.235.148.48
796,Amata,Grog,agrogm3@i2i.jp,30.247.22.55
797,Binnie,De Blasio,bdeblasiom4@usda.gov,97.41.175.115
798,Mercedes,Mulgrew,mmulgrewm5@intel.com,88.160.115.175
799,Freedman,Howford,fhowfordm6@seesaa.net,156.157.185.182
800,Ediva,Lavalle,elavallem7@ox.ac.uk,24.253.89.84
801,Edith,Bratty,ebrattym8@techcrunch.com,117.254.53.220
802,Carmine,Siemantel,csiemantelm9@nifty.com,18.210.196.114
803,Shayne,Lehrer,slehrerma@toplist.cz,23.146.79.213
804,Hanna,Bust,hbustmb@eventbrite.com,24.101.165.212
805,Burgess,Hagston,bhagstonmc@t-online.de,61.70.173.140
806,Michele,Sey,mseymd@tmall.com,202.199.62.92
807,Leeann,Medland,lmedlandme@jimdo.com,38.187.37.99
808,Julie,MacDiarmid,jmacdiarmidmf@indiatimes.com,129.145.253.112
809,Maribeth,Doddridge,mdoddridgemg@baidu.com,199.4.45.137
810,Eydie,Castelot,ecastelotmh@ifeng.com,46.106.18.195
811,Nikki,Barrie,nbarriemi@cbc.ca,5.8.209.59
812,Pooh,Roumier,proumiermj@nature.com,187.192.123.150
813,Coletta,Geroldini,cgeroldinimk@exblog.jp,126.146.178.159
814,Katti,Lacroix,klacroixml@weibo.com,61.230.162.47
815,Cristi,Blackbrough,cblackbroughmm@usatoday.com,198.172.72.221
816,Diane-marie,Giorgiutti,dgiorgiuttimn@devhub.com,134.108.141.224
817,Marti,Fruen,mfruenmo@odnoklassniki.ru,15.225.205.62
818,Reinaldo,Tison,rtisonmp@taobao.com,174.226.99.231
819,Skell,Donhardt,sdonhardtmq@nifty.com,66.101.197.95
820,Morgan,Spoure,mspouremr@bravesites.com,72.135.5.125
821,Smitty,Gritten,sgrittenms@163.com,6.166.125.20
822,Goldina,Gaiter,ggaitermt@google.com.hk,23.163.243.32
823,Misty,Kineton,mkinetonmu@youtube.com,10.218.115.53
824,Toinette,Bencher,tbenchermv@imageshack.us,6.240.37.95
825,Aggie,Graith,agraithmw@prlog.org,70.170.187.198
826,Anthe,Minguet,aminguetmx@devhub.com,128.205.39.34
827,Thorpe,Jennings,tjenningsmy@google.nl,28.38.24.30
828,Chandler,Domengue,cdomenguemz@ameblo.jp,141.245.70.74
829,Quinta,Bassindale,qbassindalen0@a8.net,170.124.226.45
830,Othello,Trumper,otrumpern1@people.com.cn,129.201.251.248
831,Hermine,Dermott,hdermottn2@nbcnews.com,201.41.156.250
832,Joycelin,Roycroft,jroycroftn3@gnu.org,184.217.159.25
833,Sheri,Allsup,sallsupn4@upenn.edu,166.247.32.35
834,Francene,Oliva,folivan5@canalblog.com,193.206.13.96
835,Norina,Hampson,nhampsonn6@tmall.com,236.199.203.111
836,Milicent,Janecki,mjaneckin7@unblog.fr,32.210.95.7
837,Nikita,Hasely,nhaselyn8@home.pl,67.72.53.137
838,Catriona,Sambedge,csambedgen9@google.com,150.8.68.39
839,Teddy,McIlheran,tmcilheranna@cbslocal.com,170.6.129.84
840,Jodie,Goosnell,jgoosnellnb@scientificamerican.com,47.110.75.106
841,Phyllis,Dangl,pdanglnc@yellowbook.com,12.187.11.70
842,Roze,Toward,rtowardnd@admin.ch,89.82.9.157
843,Brier,Martusewicz,bmartusewiczne@shinystat.com,26.40.216.53
844,Maia,Povlsen,mpovlsennf@joomla.org,103.252.156.147
845,Remington,Maleby,rmalebyng@bing.com,200.12.159.88
846,Darb,Mcimmie,dmcimmienh@nytimes.com,81.74.224.68
847,Paulie,Dunsmore,pdunsmoreni@ameblo.jp,13.134.8.174
848,Janaya,Styan,jstyannj@gravatar.com,20.157.150.219
849,Aksel,Greveson,agrevesonnk@mlb.com,218.191.3.194
850,Godwin,Dittson,gdittsonnl@marriott.com,222.120.123.63
851,Clarance,Phillip,cphillipnm@state.gov,90.180.208.45
852,Ninette,Fernie,nfernienn@slideshare.net,60.135.134.167
853,Adria,Goodson,agoodsonno@google.com,91.41.70.225
854,Lou,Stallworthy,lstallworthynp@wikispaces.com,186.157.211.115
855,Ashleigh,Jeffcoat,ajeffcoatnq@slashdot.org,134.175.22.47
856,Ulrikaumeko,Smallcomb,usmallcombnr@samsung.com,190.175.220.77
857,Sherwynd,Parmer,sparmerns@baidu.com,20.220.15.160
858,Xenia,Poone,xpoonent@patch.com,123.179.124.0
859,Sadye,Scoone,sscoonenu@alexa.com,39.177.113.129
860,Raoul,Couling,rcoulingnv@weebly.com,214.231.40.16
861,Malory,Shingles,mshinglesnw@github.io,215.208.104.86
862,Kliment,Trevillion,ktrevillionnx@bizjournals.com,157.183.89.149
863,Dulcinea,Benedit,dbeneditny@taobao.com,44.160.185.174
864,Raoul,Risebrow,rrisebrownz@unesco.org,212.106.184.237
865,Vinnie,Tomik,vtomiko0@theglobeandmail.com,16.29.130.237
866,Dickie,Chastagnier,dchastagniero1@ftc.gov,43.237.246.33
867,Cozmo,Wilber,cwilbero2@toplist.cz,133.48.62.95
868,Abner,Cervantes,acervanteso3@drupal.org,96.112.127.24
869,Dell,Roberto,drobertoo4@ezinearticles.com,63.231.49.10
870,Wilt,Masselin,wmasselino5@github.io,49.59.203.117
871,Titos,Borgnol,tborgnolo6@google.com.br,138.91.76.240
872,Dame,Thorneley,dthorneleyo7@amazonaws.com,14.172.59.173
873,Priscilla,Enefer,penefero8@japanpost.jp,61.136.0.205
874,Magdalen,Holligan,mholligano9@webnode.com,142.235.159.254
875,Elvin,Justice,ejusticeoa@jigsy.com,79.58.62.219
876,Charis,Ksandra,cksandraob@oakley.com,75.47.193.236
877,Marlin,Reven,mrevenoc@flavors.me,95.67.58.109
878,Mel,Marsie,mmarsieod@spotify.com,137.252.185.104
879,Renee,Wishart,rwishartoe@vistaprint.com,3.207.151.218
880,Ogdon,Tison,otisonof@purevolume.com,77.104.122.161
881,Pris,MacIlwrick,pmacilwrickog@imgur.com,40.166.239.154
882,Oliviero,Sommersett,osommersettoh@so-net.ne.jp,132.186.191.202
883,Earvin,Sellack,esellackoi@xing.com,57.164.224.255
884,Veriee,Custed,vcustedoj@google.com.br,157.10.2.68
885,Luca,Joderli,ljoderliok@topsy.com,30.232.155.201
886,Florri,Eykelbosch,feykelboschol@vistaprint.com,181.196.101.48
887,Jennie,Yeatman,jyeatmanom@surveymonkey.com,46.161.93.205
888,Lyndsey,Petri,lpetrion@addthis.com,199.90.29.0
889,Rois,Toulmin,rtoulminoo@hubpages.com,208.34.148.169
890,Dominga,McPhelim,dmcphelimop@cdc.gov,70.66.183.19
891,Keane,Brambley,kbrambleyoq@paginegialle.it,10.176.13.91
892,Marlon,Willoway,mwillowayor@reuters.com,198.6.56.216
893,Lem,Bauduin,lbauduinos@cloudflare.com,27.92.141.171
894,Philippa,Marston,pmarstonot@xrea.com,184.214.88.207
895,Alyda,Acaster,aacasterou@skyrock.com,112.78.175.46
896,Jerrie,Nipper,jnipperov@wufoo.com,125.199.144.247
897,Jacquette,Sworne,jsworneow@google.com.au,98.103.75.185
898,Simone,Akroyd,sakroydox@livejournal.com,100.38.31.45
899,Vassily,Scryne,vscryneoy@yandex.ru,60.243.157.4
900,Ardenia,Weadick,aweadickoz@yolasite.com,105.96.154.34
901,Jada,Palk,jpalkp0@github.com,82.31.169.21
902,Latrina,Gomby,lgombyp1@webs.com,232.27.111.152
903,Ingra,Hugenin,ihugeninp2@squarespace.com,176.177.129.56
904,Isiahi,Gerardot,igerardotp3@people.com.cn,150.231.18.116
905,Remy,Playfoot,rplayfootp4@sogou.com,56.6.70.91
906,Storm,Proudler,sproudlerp5@eventbrite.com,197.121.66.59
907,Lavina,McAlindon,lmcalindonp6@mozilla.org,124.47.149.248
908,Bianka,Overal,boveralp7@flickr.com,134.22.195.216
909,Mel,Southwell,msouthwellp8@nasa.gov,177.27.176.124
910,Daren,Ferriere,dferrierep9@dailymail.co.uk,100.103.61.78
911,Ajay,Riccardi,ariccardipa@wiley.com,223.227.196.62
912,Genevra,Brolechan,gbrolechanpb@shop-pro.jp,255.104.76.213
913,Tonye,Burgott,tburgottpc@toplist.cz,106.46.129.159
914,Brigit,Bullant,bbullantpd@ezinearticles.com,244.199.51.151
915,Nixie,Auchinleck,nauchinleckpe@oakley.com,109.102.230.240
916,Niall,Hummerston,nhummerstonpf@xing.com,5.26.195.182
917,Aggie,Davie,adaviepg@over-blog.com,31.136.23.103
918,Aurel,Baggett,abaggettph@geocities.jp,244.216.16.134
919,Verina,Worvill,vworvillpi@altervista.org,136.111.138.217
920,Mattias,Monday,mmondaypj@sbwire.com,243.3.35.237
921,Eunice,Conaghy,econaghypk@reverbnation.com,93.123.230.68
922,Lonna,Storms,lstormspl@tuttocitta.it,215.190.27.59
923,Hettie,Touzey,htouzeypm@hao123.com,240.146.199.29
924,Ola,Kamenar,okamenarpn@miibeian.gov.cn,177.248.227.241
925,Gratiana,Brantzen,gbrantzenpo@freewebs.com,146.207.26.242
926,Casey,Kingsley,ckingsleypp@sun.com,79.134.247.11
927,Patrizia,Longmuir,plongmuirpq@constantcontact.com,179.92.217.142
928,Lainey,Spuffard,lspuffardpr@linkedin.com,195.71.62.4
929,Devi,O'Hear,dohearps@acquirethisname.com,85.45.22.254
930,Gun,Davidovich,gdavidovichpt@meetup.com,75.172.91.220
931,Hugues,Kroin,hkroinpu@reference.com,21.58.82.142
932,Ynes,Shyres,yshyrespv@home.pl,178.244.113.240
933,Trstram,O'Coskerry,tocoskerrypw@google.pl,59.28.225.249
934,Nanci,MacDunleavy,nmacdunleavypx@nyu.edu,68.78.0.253
935,Dareen,Phettis,dphettispy@homestead.com,29.211.190.169
936,Elvyn,Szach,eszachpz@1und1.de,35.46.158.191
937,Brendon,Haversham,bhavershamq0@clickbank.net,150.7.67.228
938,Cynthie,Sans,csansq1@tiny.cc,8.77.35.116
939,Heidi,Dermot,hdermotq2@narod.ru,89.255.150.150
940,Clemens,Sambeck,csambeckq3@europa.eu,108.55.42.55
941,Carroll,Shackleton,cshackletonq4@fema.gov,125.37.97.175
942,Devin,Eskrick,deskrickq5@cnet.com,135.176.188.108
943,Delmar,Lowson,dlowsonq6@about.com,219.213.36.49
944,Jon,Marder,jmarderq7@unicef.org,61.240.171.234
945,Evin,Oliveto,eolivetoq8@ed.gov,91.67.154.88
946,Jacynth,Hebblewhite,jhebblewhiteq9@goo.gl,253.89.251.41
947,Rosina,Furse,rfurseqa@indiatimes.com,5.250.73.93
948,Eva,Vankov,evankovqb@arstechnica.com,100.1.84.92
949,Leoine,Stennett,lstennettqc@china.com.cn,45.180.143.52
950,Germain,Gehring,ggehringqd@nsw.gov.au,199.223.117.13
951,Vanya,Manterfield,vmanterfieldqe@hugedomains.com,106.101.6.41
952,Herbert,Gallyhaock,hgallyhaockqf@google.com,133.95.55.171
953,Malorie,McGiff,mmcgiffqg@discovery.com,212.47.174.30
954,Arleen,Tollett,atollettqh@chronoengine.com,92.213.50.171
955,Gray,Grissett,ggrissettqi@shinystat.com,44.245.9.59
956,Monti,MacDwyer,mmacdwyerqj@prlog.org,114.237.233.40
957,Welch,Filipchikov,wfilipchikovqk@livejournal.com,191.0.135.252
958,Killie,MacCrosson,kmaccrossonql@squidoo.com,5.43.48.140
959,Delores,Shemming,dshemmingqm@comsenz.com,154.68.248.240
960,Stevie,Bernardin,sbernardinqn@studiopress.com,224.255.152.44
961,Katharina,Potebury,kpoteburyqo@arizona.edu,77.19.241.194
962,Merrily,Cadney,mcadneyqp@sina.com.cn,35.0.87.39
963,Addie,Milne,amilneqq@reuters.com,1.64.192.27
964,Byrom,Bexon,bbexonqr@hp.com,155.204.192.141
965,Maxy,Golland,mgollandqs@uol.com.br,46.107.94.136
966,Dorree,Funnell,dfunnellqt@jiathis.com,161.70.214.36
967,Federico,MacRorie,fmacroriequ@soup.io,153.255.30.143
968,Jase,Langfitt,jlangfittqv@nps.gov,210.10.234.86
969,Ludovika,Pirie,lpirieqw@linkedin.com,199.198.179.234
970,Gordan,Wixey,gwixeyqx@g.co,98.68.29.56
971,Natalee,Aubry,naubryqy@netvibes.com,236.107.113.99
972,Jinny,Partener,jpartenerqz@desdev.cn,195.216.114.214
973,Caralie,Blakden,cblakdenr0@wunderground.com,33.37.169.115
974,Morten,Dartnell,mdartnellr1@wsj.com,250.3.54.168
975,Ernest,Saylor,esaylorr2@hhs.gov,115.7.133.255
976,Emelyne,Bjerkan,ebjerkanr3@icq.com,240.56.117.150
977,Kenny,Chiddy,kchiddyr4@bandcamp.com,136.164.119.29
978,Obadiah,Barfoot,obarfootr5@uiuc.edu,196.70.56.233
979,Imogene,Gault,igaultr6@geocities.jp,209.197.75.40
980,Maurizia,Domone,mdomoner7@chronoengine.com,73.161.163.247
981,Towny,Sparkwill,tsparkwillr8@google.com.au,169.104.141.167
982,Jaymie,Vickerstaff,jvickerstaffr9@hatena.ne.jp,32.3.148.104
983,Dalila,Domenichini,ddomenichinira@forbes.com,177.61.127.228
984,Zak,Bicker,zbickerrb@japanpost.jp,73.160.83.162
985,Gaye,Benit,gbenitrc@independent.co.uk,221.63.216.186
986,Vladamir,Jorez,vjorezrd@liveinternet.ru,31.187.208.179
987,Prudy,Pryke,pprykere@cafepress.com,120.241.197.134
988,Maxy,Mapholm,mmapholmrf@usda.gov,176.130.144.77
989,Ludvig,Toope,ltooperg@usnews.com,202.82.215.123
990,Cary,O'Corrin,cocorrinrh@odnoklassniki.ru,22.120.150.198
991,Yettie,Titchener,ytitchenerri@freewebs.com,72.108.13.4
992,Cesya,Bullingham,cbullinghamrj@seesaa.net,46.143.22.152
993,Devlin,Ensley,densleyrk@edublogs.org,194.126.237.137
994,Dona,Drust,ddrustrl@sfgate.com,157.253.52.239
995,Katheryn,Dyball,kdyballrm@booking.com,178.172.109.35
996,Anneliese,Parsand,aparsandrn@merriam-webster.com,240.71.14.107
997,Melisent,Broadhurst,mbroadhurstro@shutterfly.com,175.233.183.150
998,Kynthia,Rodda,kroddarp@wp.com,144.232.214.221
999,Darius,Djordjevic,ddjordjevicrq@epa.gov,58.217.105.89
1000,Millicent,Simoncini,msimoncinirr@stumbleupon.com,99.130.141.167
